ACCOUNT,,DESCRIPTION, AMOUNT 
1000-110.00,,TEACHERS," $79,398,694.47 "
1000-112.00,,PREKINDERGARTEN TEACHER," $1,202,300.26 "
1000-113.00,,SUBSTITUTE/TEMPORARY EMPLOYEE," $1,620,073.81 "
1000-114.00,,SUBSTITUTE/TEMPORARY EMPLOYEE," $97,260.46 "
1000-115.00,,EXTENDED DAY - TEACHERS," $164,825.00 "
1000-116.00,,PROFESSIONAL DEVELOPMENT STIPENDS," $17,733.82 "
1000-118.00,,"ART,MUSIC,PE"," $9,362,030.81 "
1000-140.00,,AIDES AND PARAPROFESSIONALS," $5,469,682.31 "
1000-161.00,,TECHNOLOGY SPECIALIST," $809,407.12 "
1000-172.00,,ELEMENTARY COUNSELOR," $535,527.07 "
1000-173.00,,SECONDARY COUNSELOR," $1,394,661.08 "
1000-191.00,,OTHER ADMINISTRATIVE PERSONNEL," $320,791.00 "
1000-199.00,,OTHER SALARIES AND COMPENSATION," $8,000.00 "
1000-210.00,,STATE HEALTH INSURANCE," $14,585,428.11 "
1000-220.00,,FICA," $1,438,878.06 "
1000-230.00,,TEACHERS RETIREMENT SYSTEM," $20,201,557.33 "
1000-260.00,,WORKMEN COMPENSATION," $1,786,947.00 "
1000-290.00,,OTHER EMPLOYEE BENEFITS," $50,263,364.80 "
1000-300.00,,PURCHASED PROFESSIONAL AND TECHNICAL SERVICES," $41,918,025.82 "
1000-430.00,,REPAIR AND MAINTENANCE SERVICES," $84,544.02 "
1000-441.00,,RENTAL OF LAND OR BUILDINGS," $303,163.00 "
1000-442.00,,RENTAL OF EQUIPMENT AND VEHICLES, $850.00 
1000-532.00,,COMMUNICATIONS – WEB-BASED SUBSCRIPTIONS AND LICENSES," $139,185.57 "
1000-563.00,,TUITION TO PRIVATE SOURCES," $2,248,444.14 "
1000-580.00,,TRAVEL - EMPLOYEES," $47,141.04 "
1000-594.00,,PAYMENTS TO CHARTER SCHOOLS," $133,275,334.60 "
1000-595.00,,OTHER PURCHASED SERVICES," $999,111.23 "
1000-610.00,,SUPPLIES," $1,930,851.22 "
1000-611.00,,SUPPLIES - TECHNOLOGY RELATED, $0.10 
1000-612.00,,COMPUTER SOFTWARE," $346,014.98 "
1000-615.00,,EXPENDABLE EQUIPMENT," $795,655.99 "
1000-616.00,,EXPENDABLE COMPUTER EQUIPMENT," $732,825.43 "
1000-640.00,,DIGITAL/ELECTRONIC TEXTBOOKS," $121,250.97 "
1000-641.00,,TEXTBOOKS - PRINTED," $1,155,797.97 "
1000-642.00,,BOOKS (OTHER THAN TEXTBOOKS) AND PERIODICALS," $39,817.80 "
1000-810.00,,DUES AND FEES," $55,737.00 "
1000-890.00,,OTHER EXPENDITURES," $1,104.15 "
1000-000.00,,TOTAL EXPENDITURES INSTRUCTION," $372,872,017.54 "
2100-114.00,,SUBSTITUTE/TEMPORARY EMPLOYEE, $500.00 
2100-140.00,,AIDES AND PARAPROFESSIONALS," $293,078.41 "
2100-141.00,,SALARY OF SERETARIAL STAFF," $46,607.00 "
2100-142.00,,SALARY OF CLERICAL STAFF," $472,646.04 "
2100-146.00,,ATHLETICS PERSONNEL," $1,120,446.14 "
2100-163.00,,SCHOOL NURSE/SPECIAL EDUCATION NURSE LPN," $834,029.50 "
2100-164.00,,PHYSICAL/OCCUPATIONAL/MOBILITY/SPEECH THERAPIST," $610,291.50 "
2100-171.00,,TEACHER SUPPORT SPECIALIST/DIAGNOSTICIAN/AUDIOLOGI," $186,942.00 "
2100-174.00,,SCHOOL PSYCHOLOGIST," $946,634.33 "
2100-176.00,,SCHOOL SOCIAL WORKER," $718,250.79 "
2100-178.00,,GRADUATION COACH," $152,213.53 "
2100-190.00,,OTHER MANAGEMENT PERSONNEL," $594,590.45 "
2100-191.00,,OTHER ADMINISTRATIVE PERSONNEL," $4,099,533.11 "
2100-199.00,,OTHER SALARIES AND COMPENSATION," $129,977.80 "
2100-210.00,,STATE HEALTH INSURANCE," $1,170,605.68 "
2100-220.00,,FICA," $141,342.91 "
2100-230.00,,TEACHERS RETIREMENT SYSTEM," $1,890,150.29 "
2100-260.00,,WORKMEN COMPENSATION," $559,778.00 "
2100-290.00,,OTHER EMPLOYEE BENEFITS," $16,392.26 "
2100-300.00,,PURCHASED PROFESSIONAL AND TECHNICAL SERVICES," $8,169,175.65 "
2100-430.00,,REPAIR AND MAINTENANCE SERVICES," $1,100.00 "
2100-432.00,,REPAIR AND MAINTENANCE SERVICES - TECHNOLOGY RELATED," $13,500.00 "
2100-442.00,,RENTAL OF EQUIPMENT AND VEHICLES," $2,463,820.00 "
2100-530.00,,COMMUNICATION," $7,562.11 "
2100-580.00,,TRAVEL - EMPLOYEES," $132,678.94 "
2100-595.00,,OTHER PURCHASED SERVICES," $201,465.18 "
2100-610.00,,SUPPLIES," $302,822.25 "
2100-611.00,,SUPPLIES - TECHNOLOGY RELATED," $155,212.85 "
2100-612.00,,COMPUTER SOFTWARE," $7,715.95 "
2100-615.00,,EXPENDABLE EQUIPMENT," $509,910.75 "
2100-616.00,,EXPENDABLE COMPUTER EQUIPMENT," $16,775.94 "
2100-730.00,,PURCHASE OF EQUIPMENT - OTHER THAN BUSES AND COMPU," $21,683.40 "
2100-810.00,,DUES AND FEES," $41,685.03 "
2100-000.00,,TOTAL EXPENDITURES PUPIL SERVICES," $26,029,117.79 "
2210-110.00,,TEACHERS," $225,594.41 "
2210-114.00,,SUBSTITUTE/TEMPORARY EMPLOYEE," $15,617.00 "
2210-116.00,,PROFESSIONAL DEVELOPMENT STIPENDS," $137,150.00 "
2210-140.00,,AIDES AND PARAPROFESSIONALS, $42.00 
2210-142.00,,SALARY OF CLERICAL STAFF," $1,132,357.77 "
2210-145.00,,INTERPRETER," $133,040.00 "
2210-161.00,,TECHNOLOGY SPECIALIST," $532,165.00 "
2210-190.00,,OTHER MANAGEMENT PERSONNEL," $2,502,658.15 "
2210-191.00,,OTHER ADMINISTRATIVE PERSONNEL," $5,620,757.07 "
2210-199.00,,OTHER SALARIES AND COMPENSATION," $414,217.30 "
2210-210.00,,STATE HEALTH INSURANCE," $1,110,027.24 "
2210-220.00,,FICA," $160,743.12 "
2210-230.00,,TEACHERS RETIREMENT SYSTEM," $1,997,289.13 "
2210-260.00,,WORKMEN COMPENSATION," $53,673.00 "
2210-290.00,,OTHER EMPLOYEE BENEFITS," $15,588.05 "
2210-300.00,,PURCHASED PROFESSIONAL AND TECHNICAL SERVICES," $4,377,124.90 "
2210-430.00,,REPAIR AND MAINTENANCE SERVICES," $1,802.25 "
2210-432.00,,REPAIR AND MAINTENANCE SERVICES - TECHNOLOGY RELATED," $78,500.00 "
2210-441.00,,RENTAL OF LAND OR BUILDINGS," $2,000.00 "
2210-442.00,,RENTAL OF EQUIPMENT AND VEHICLES," $9,085.74 "
2210-443.00,,RENTAL OF COMPUTER EQUIPMENT," $8,514.27 "
2210-530.00,,COMMUNICATION," $1,112.75 "
2210-580.00,,TRAVEL - EMPLOYEES," $278,747.39 "
2210-595.00,,OTHER PURCHASED SERVICES," $241,070.58 "
2210-610.00,,SUPPLIES," $862,168.21 "
2210-611.00,,SUPPLIES - TECHNOLOGY RELATED," $1,000.00 "
2210-612.00,,COMPUTER SOFTWARE," $614,404.00 "
2210-615.00,,EXPENDABLE EQUIPMENT," $51,071.05 "
2210-616.00,,EXPENDABLE COMPUTER EQUIPMENT," $21,000.00 "
2210-642.00,,BOOKS (OTHER THAN TEXTBOOKS) AND PERIODICALS," $473,634.42 "
2210-810.00,,DUES AND FEES," $455,716.50 "
2210-000.00,,TOTAL EXPENDITURES IMPROVEMENT OF INSTRUCTIONAL SERVICES," $21,527,871.30 "
2213-116.00,,PROFESSIONAL DEVELOPMENT STIPENDS," $2,961.00 "
2213-210.00,,STATE HEALTH INSURANCE, $53.00 
2213-220.00,,FICA, $37.71 
2213-230.00,,TEACHERS RETIREMENT SYSTEM, $75.00 
2213-290.00,,OTHER EMPLOYEE BENEFITS, $1.00 
2213-300.00,,PURCHASED PROFESSIONAL AND TECHNICAL SERVICES," $2,510.00 "
2213-580.00,,TRAVEL - EMPLOYEES," $27,487.29 "
2213-642.00,,BOOKS (OTHER THAN TEXTBOOKS) AND PERIODICALS," $3,000.00 "
2213-810.00,,DUES AND FEES," $11,430.40 "
2213-000.00,,TOTAL EXPENDITURES INSTRUCTIONAL STAFF TRAINING," $47,555.40 "
2220-113.00,,SUBSTITUTE/TEMPORARY EMPLOYEE," $1,248.00 "
2220-140.00,,AIDES AND PARAPROFESSIONALS," $98,860.17 "
2220-165.00,,LIBRARIAN/MEDIA SPECIALIST," $853,448.17 "
2220-190.00,,OTHER MANAGEMENT PERSONNEL," $138,952.00 "
2220-191.00,,OTHER ADMINISTRATIVE PERSONNEL," $38,083.00 "
2220-210.00,,STATE HEALTH INSURANCE," $154,224.00 "
2220-220.00,,FICA," $16,334.05 "
2220-230.00,,TEACHERS RETIREMENT SYSTEM," $231,116.56 "
2220-260.00,,WORKMEN COMPENSATION, $930.00 
2220-290.00,,OTHER EMPLOYEE BENEFITS," $2,165.76 "
2220-580.00,,TRAVEL - EMPLOYEES," $10,000.00 "
2220-595.00,,OTHER PURCHASED SERVICES," $13,684.00 "
2220-610.00,,SUPPLIES," $15,527.00 "
2220-612.00,,COMPUTER SOFTWARE," $164,490.00 "
2220-616.00,,EXPENDABLE COMPUTER EQUIPMENT," $2,076.00 "
2220-642.00,,BOOKS (OTHER THAN TEXTBOOKS) AND PERIODICALS," $102,582.37 "
2220-810.00,,DUES AND FEES, $560.00 
2220-000.00,,TOTAL EXPENDITURES EDUCATIONAL MEDIA SERVICES," $1,844,281.08 "
2230-260.00,,WORKMEN COMPENSATION," $2,870.00 "
2230-000.00,,TOTAL EXPENDITURES FEDERAL GRANT ADMINISTRATION," $2,870.00 "
2300-111.00,,SCHOOL BOARD MEMBERS SALARIES," $144,657.00 "
2300-120.00,,"SUPERINTENDENT, RESA DIRECTOR, TECHNICAL INSTITUTE DIRECTOR"," $473,915.31 "
2300-121.00,,"HEADS OF COMPONENTS - DEPUTY, ASSOC, ASSISTANT, AREA SUPT "," $246,492.00 "
2300-141.00,,SALARY OF SERETARIAL STAFF, $0.09 
2300-142.00,,SALARY OF CLERICAL STAFF," $205,928.40 "
2300-151.00,,LEGAL PERSONNEL," $108,066.00 "
2300-190.00,,OTHER MANAGEMENT PERSONNEL," $100,664.00 "
2300-191.00,,OTHER ADMINISTRATIVE PERSONNEL," $1,217,419.07 "
2300-210.00,,STATE HEALTH INSURANCE," $298,809.00 "
2300-220.00,,FICA," $36,270.20 "
2300-230.00,,TEACHERS RETIREMENT SYSTEM," $474,711.21 "
2300-260.00,,WORKMEN COMPENSATION, $754.00 
2300-290.00,,OTHER EMPLOYEE BENEFITS," $94,196.16 "
2300-300.00,,PURCHASED PROFESSIONAL AND TECHNICAL SERVICES," $5,078,496.80 "
2300-430.00,,REPAIR AND MAINTENANCE SERVICES," $8,000.00 "
2300-442.00,,RENTAL OF EQUIPMENT AND VEHICLES," $2,500.00 "
2300-530.00,,COMMUNICATION," $10,711.34 "
2300-580.00,,TRAVEL - EMPLOYEES," $43,550.00 "
2300-585.00,,TRAVEL - SCHOOL BOARD MEMBERS," $36,000.00 "
2300-595.00,,OTHER PURCHASED SERVICES," $5,500.00 "
2300-610.00,,SUPPLIES," $62,995.08 "
2300-810.00,,DUES AND FEES," $193,000.00 "
2300-000.00,,TOTAL EXPENDITURES GENERAL ADMINISTRATION," $8,842,635.66 "
2400-114.00,,SUBSTITUTE/TEMPORARY EMPLOYEE," $7,488.00 "
2400-130.00,,PRINCIPAL," $1,588,628.27 "
2400-131.00,,ASSISTANT PRINCIPAL," $4,062,766.61 "
2400-141.00,,SALARY OF SERETARIAL STAFF," $742,585.41 "
2400-142.00,,SALARY OF CLERICAL STAFF," $874,769.09 "
2400-190.00,,OTHER MANAGEMENT PERSONNEL," $141,368.00 "
2400-191.00,,OTHER ADMINISTRATIVE PERSONNEL," $533,968.39 "
2400-199.00,,OTHER SALARIES AND COMPENSATION," $42,414.91 "
2400-210.00,,STATE HEALTH INSURANCE," $1,003,974.47 "
2400-220.00,,FICA," $118,298.56 "
2400-230.00,,TEACHERS RETIREMENT SYSTEM," $1,625,677.67 "
2400-260.00,,WORKMEN COMPENSATION," $189,201.00 "
2400-290.00,,OTHER EMPLOYEE BENEFITS," $14,098.76 "
2400-300.00,,PURCHASED PROFESSIONAL AND TECHNICAL SERVICES," $2,192.00 "
2400-530.00,,COMMUNICATION, $807.21 
2400-580.00,,TRAVEL - EMPLOYEES," $39,468.61 "
2400-610.00,,SUPPLIES," $15,500.00 "
2400-615.00,,EXPENDABLE EQUIPMENT, $865.94 
2400-642.00,,BOOKS (OTHER THAN TEXTBOOKS) AND PERIODICALS, $476.32 
2400-810.00,,DUES AND FEES," $9,769.66 "
2400-000.00,,TOTAL EXPENDITURES SCHOOL ADMINISTRATION," $11,014,318.88 "
2500-142.00,,SALARY OF CLERICAL STAFF," $209,988.00 "
2500-148.00,,ACCOUNTANT," $141,278.65 "
2500-181.00,,"MAINTENANCE PERSONNEL, TRANSPORTATION MECHANIC, OT"," $304,154.33 "
2500-190.00,,OTHER MANAGEMENT PERSONNEL," $712,781.33 "
2500-191.00,,OTHER ADMINISTRATIVE PERSONNEL," $4,213,331.50 "
2500-210.00,,STATE HEALTH INSURANCE," $650,632.50 "
2500-220.00,,FICA," $81,231.97 "
2500-230.00,,TEACHERS RETIREMENT SYSTEM," $1,132,397.73 "
2500-260.00,,WORKMEN COMPENSATION," $134,621.00 "
2500-290.00,,OTHER EMPLOYEE BENEFITS," $9,136.80 "
2500-300.00,,PURCHASED PROFESSIONAL AND TECHNICAL SERVICES," $936,668.74 "
2500-430.00,,REPAIR AND MAINTENANCE SERVICES," $11,332.20 "
2500-442.00,,RENTAL OF EQUIPMENT AND VEHICLES," $9,500.00 "
2500-520.00,,INSURANCE (OTHER THAN EMPLOYEE BENEFITS)," $42,000.00 "
2500-532.00,,COMMUNICATIONS – WEB-BASED SUBSCRIPTIONS AND LICENSES," $3,000.00 "
2500-580.00,,TRAVEL - EMPLOYEES," $38,256.05 "
2500-595.00,,OTHER PURCHASED SERVICES," $54,243.95 "
2500-610.00,,SUPPLIES," $75,743.90 "
2500-612.00,,COMPUTER SOFTWARE," $64,982.19 "
2500-615.00,,EXPENDABLE EQUIPMENT," $15,000.00 "
2500-810.00,,DUES AND FEES," $37,672.61 "
2500-000.00,,TOTAL EXPENDITURES SUPPORT SERVICES - BUSINESS," $8,877,953.45 "
2600-142.00,,SALARY OF CLERICAL STAFF," $643,368.68 "
2600-181.00,,"MAINTENANCE PERSONNEL, TRANSPORTATION MECHANIC, OT"," $11,541,613.54 "
2600-186.00,,CUSTODIAL PERSONNEL," $5,647,333.90 "
2600-190.00,,OTHER MANAGEMENT PERSONNEL," $3,864,706.92 "
2600-191.00,,OTHER ADMINISTRATIVE PERSONNEL," $2,310,693.63 "
2600-210.00,,STATE HEALTH INSURANCE," $4,547,601.02 "
2600-220.00,,FICA," $357,213.03 "
2600-230.00,,TEACHERS RETIREMENT SYSTEM," $2,415,365.65 "
2600-260.00,,WORKMEN COMPENSATION," $531,206.00 "
2600-290.00,,OTHER EMPLOYEE BENEFITS," $3,824,171.73 "
2600-300.00,,PURCHASED PROFESSIONAL AND TECHNICAL SERVICES," $4,264,061.49 "
2600-410.00,,"WATER, SEWER AND CLEANING SERVICES"," $7,601,714.00 "
2600-430.00,,REPAIR AND MAINTENANCE SERVICES," $6,360,595.16 "
2600-432.00,,REPAIR AND MAINTENANCE SERVICES - TECHNOLOGY RELATED," $1,964,442.60 "
2600-441.00,,RENTAL OF LAND OR BUILDINGS," $64,583.00 "
2600-442.00,,RENTAL OF EQUIPMENT AND VEHICLES," $97,338.00 "
2600-520.00,,INSURANCE (OTHER THAN EMPLOYEE BENEFITS)," $1,824,094.00 "
2600-530.00,,COMMUNICATION," $2,088,992.14 "
2600-580.00,,TRAVEL - EMPLOYEES," $94,300.38 "
2600-595.00,,OTHER PURCHASED SERVICES," $565,316.00 "
2600-610.00,,SUPPLIES," $5,113,789.13 "
2600-611.00,,SUPPLIES - TECHNOLOGY RELATED," $4,000.00 "
2600-612.00,,COMPUTER SOFTWARE," $2,344,323.03 "
2600-615.00,,EXPENDABLE EQUIPMENT," $777,396.79 "
2600-616.00,,EXPENDABLE COMPUTER EQUIPMENT," $100,631.00 "
2600-620.00,,ENERGY," $15,764,799.32 "
2600-720.00,,"BUILDING ACQUISITION, CONSTRUCTION, AND IMPROVEMEN"," $669,985.00 "
2600-730.00,,PURCHASE OF EQUIPMENT - OTHER THAN BUSES AND COMPU," $3,110.00 "
2600-734.00,,PURCHASE OR LEASE-PURCHASE OF EQUIPMENT - TECHNOLOGY RELATED," $33,500.00 "
2600-810.00,,DUES AND FEES," $109,611.90 "
2600-000.00,,TOTAL EXPENDITURES MAINTENANCE AND OPERATION OF PLANT SERVICES," $85,529,857.04 "
2700-142.00,,SALARY OF CLERICAL STAFF," $227,919.00 "
2700-180.00,,BUS DRIVERS," $8,077,807.81 "
2700-181.00,,"MAINTENANCE PERSONNEL, TRANSPORTATION MECHANIC, OT"," $3,809,217.52 "
2700-190.00,,OTHER MANAGEMENT PERSONNEL," $136,570.00 "
2700-191.00,,OTHER ADMINISTRATIVE PERSONNEL," $269,586.00 "
2700-210.00,,STATE HEALTH INSURANCE," $4,241,160.00 "
2700-220.00,,FICA," $181,935.56 "
2700-230.00,,TEACHERS RETIREMENT SYSTEM," $689,040.63 "
2700-260.00,,WORKMEN COMPENSATION," $805,773.00 "
2700-290.00,,OTHER EMPLOYEE BENEFITS," $2,888,510.34 "
2700-300.00,,PURCHASED PROFESSIONAL AND TECHNICAL SERVICES," $658,997.41 "
2700-430.00,,REPAIR AND MAINTENANCE SERVICES," $6,632.00 "
2700-519.00,,STUDENT TRANSPORTATION PURCHASED FROM OTHER SOURCES," $405,563.56 "
2700-520.00,,INSURANCE (OTHER THAN EMPLOYEE BENEFITS)," $1,852,623.00 "
2700-580.00,,TRAVEL - EMPLOYEES," $7,000.00 "
2700-595.00,,OTHER PURCHASED SERVICES," $1,711,717.59 "
2700-610.00,,SUPPLIES," $4,143,069.89 "
2700-620.00,,ENERGY," $2,610,285.65 "
2700-810.00,,DUES AND FEES," $6,470.00 "
2700-000.00,,TOTAL EXPENDITURES STUDENT TRANSPORTATION SERVICE," $32,729,878.96 "
2800-142.00,,SALARY OF CLERICAL STAFF," $747,164.25 "
2800-143.00,,RESEARCH PERSONNEL," $799,293.26 "
2800-162.00,,PLANNING & EVALUATION PERSONNEL," $154,151.00 "
2800-190.00,,OTHER MANAGEMENT PERSONNEL," $2,444,698.18 "
2800-191.00,,OTHER ADMINISTRATIVE PERSONNEL," $6,517,075.37 "
2800-199.00,,OTHER SALARIES AND COMPENSATION," $8,100.00 "
2800-210.00,,STATE HEALTH INSURANCE," $1,150,896.60 "
2800-220.00,,FICA," $157,794.18 "
2800-230.00,,TEACHERS RETIREMENT SYSTEM," $2,217,414.04 "
2800-260.00,,WORKMEN COMPENSATION," $74,881.00 "
2800-290.00,,OTHER EMPLOYEE BENEFITS," $16,161.99 "
2800-300.00,,PURCHASED PROFESSIONAL AND TECHNICAL SERVICES," $2,328,230.88 "
2800-430.00,,REPAIR AND MAINTENANCE SERVICES," $28,869.50 "
2800-432.00,,REPAIR AND MAINTENANCE SERVICES - TECHNOLOGY RELATED," $17,128.00 "
2800-441.00,,RENTAL OF LAND OR BUILDINGS," $14,250.00 "
2800-443.00,,RENTAL OF COMPUTER EQUIPMENT," $14,120.00 "
2800-530.00,,COMMUNICATION," $6,008.88 "
2800-580.00,,TRAVEL - EMPLOYEES," $116,738.50 "
2800-595.00,,OTHER PURCHASED SERVICES," $866,187.98 "
2800-610.00,,SUPPLIES," $246,491.63 "
2800-612.00,,COMPUTER SOFTWARE," $2,046,386.02 "
2800-615.00,,EXPENDABLE EQUIPMENT," $6,554.00 "
2800-616.00,,EXPENDABLE COMPUTER EQUIPMENT," $10,500.00 "
2800-810.00,,DUES AND FEES," $51,813.50 "
2800-000.00,,TOTAL EXPENDITURES SUPPORT SERVICES - CENTRAL," $20,040,908.76 "
2900-199.00,,OTHER SALARIES AND COMPENSATION," $53,062.15 "
2900-210.00,,STATE HEALTH INSURANCE," $9,639.00 "
2900-220.00,,FICA, $690.91 
2900-230.00,,TEACHERS RETIREMENT SYSTEM," $10,073.04 "
2900-290.00,,OTHER EMPLOYEE BENEFITS, $135.36 
2900-595.00,,OTHER PURCHASED SERVICES, $209.00 
2900-596.00,,RESIDENTIAL FACILITIES," $622,460.00 "
2900-000.00,,TOTAL EXPENDITURES OTHER SUPPORT SERVICES," $696,269.46 "
3100-260.00,,WORKMEN COMPENSATION," $376,521.00 "
3100-290.00,,OTHER EMPLOYEE BENEFITS," $2,494.15 "
3100-000.00,,TOTAL EXPENDITURES SCHOOL NUTRITION PROGRAM," $379,015.15 "
5000-930.00,,OPERATING TRANSFERS TO OTHER FUNDS," $255,668,108.51 "
5000-000.00,,TOTAL EXPENDITURES OTHER OUTLAYS," $255,668,108.51 "
5100-830.00,,INTEREST," $376,742.00 "
5100-831.00,,REDEMPTION OF PRINCIPAL," $790,000.00 "
5100-000.00,,TOTAL EXPENDITURES DEBT SERVICE," $1,166,742.00 "
7000,,TOTAL EXPENDITURES & OTHER USES," $847,269,400.98 "
1000-110.00,,TEACHERS,"$96,295,306.66"
1000-113.00,,SUBSTITUTE/TEMPORARY EMPLOYEE,"$2,137,336.52"
1000-114.00,,SUBSTITUTE/TEMPORARY EMPLOYEE,"$317,625.91"
1000-118.00,,"ART,MUSIC,PE","$19,672,114.29"
1000-140.00,,AIDES AND PARAPROFESSIONALS,"$5,764,814.96"
1000-161.00,,TECHNOLOGY SPECIALIST,"$228,799.89"
1000-172.00,,ELEMENTARY COUNSELOR,"$2,598,951.68"
1000-173.00,,SECONDARY COUNSELOR,"$3,828,279.70"
1000-199.00,,OTHER SALARIES AND COMPENSATION,"$362,091.92"
1000-210.00,,STATE HEALTH INSURANCE,"$18,860,064.26"
1000-220.00,,FICA,"$1,871,244.75"
1000-230.00,,TEACHERS RETIREMENT SYSTEM,"$26,294,702.43"
1000-290.00,,OTHER EMPLOYEE BENEFITS,"$264,828.14"
1000-300.00,,PURCHASED PROFESSIONAL AND TECHNICAL SERVICES,"$950,602.25"
1000-432.00,,REPAIR AND MAINTENANCE SERVICES - TECHNOLOGY RELATED,"$2,500.00"
1000-532.00,,COMMUNICATIONS – WEB-BASED SUBSCRIPTIONS AND LICENSES,"$1,144,016.23"
1000-610.00,,SUPPLIES,"$5,197,493.92"
1000-612.00,,COMPUTER SOFTWARE,"$342,975.36"
1000-615.00,,EXPENDABLE EQUIPMENT,"$669,729.25"
1000-616.00,,EXPENDABLE COMPUTER EQUIPMENT,"$1,263,194.92"
1000-640.00,,DIGITAL/ELECTRONIC TEXTBOOKS,"$233,938.08"
1000-641.00,,TEXTBOOKS - PRINTED,"$3,722,563.03"
1000-642.00,,BOOKS (OTHER THAN TEXTBOOKS) AND PERIODICALS,"$347,593.78"
1000-810.00,,DUES AND FEES,"$506,752.82"
1000-881.00,,SCHOOLWIDE SCHOOLS,"-$16,763,168.37"
1000-890.00,,OTHER EXPENDITURES,"$20,094.00"
1000-000.00,,TOTAL EXPENDITURES INSTRUCTION,"$176,134,446.38"
2100-140.00,,AIDES AND PARAPROFESSIONALS,"$2,556,070.52"
2100-146.00,,ATHLETICS PERSONNEL,"$1,753,893.57"
2100-163.00,,SCHOOL NURSE/SPECIAL EDUCATION NURSE LPN,"$1,997,312.54"
2100-174.00,,SCHOOL PSYCHOLOGIST,"$1,732,150.85"
2100-176.00,,SCHOOL SOCIAL WORKER,"$2,647,085.26"
2100-178.00,,GRADUATION COACH,"$436,143.91"
2100-191.00,,OTHER ADMINISTRATIVE PERSONNEL,"$4,307,772.35"
2100-199.00,,OTHER SALARIES AND COMPENSATION,"$1,386,441.68"
2100-210.00,,STATE HEALTH INSURANCE,"$2,826,833.98"
2100-220.00,,FICA,"$214,763.03"
2100-230.00,,TEACHERS RETIREMENT SYSTEM,"$3,101,213.22"
2100-290.00,,OTHER EMPLOYEE BENEFITS,"$39,693.07"
2100-300.00,,PURCHASED PROFESSIONAL AND TECHNICAL SERVICES,"$144,798.84"
2100-442.00,,RENTAL OF EQUIPMENT AND VEHICLES,"$1,702.94"
2100-443.00,,RENTAL OF COMPUTER EQUIPMENT,"$2,827.04"
2100-530.00,,COMMUNICATION,"$29,741.36"
2100-595.00,,OTHER PURCHASED SERVICES,"$8,171.01"
2100-810.00,,DUES AND FEES,"$3,780.00"
2100-881.00,,SCHOOLWIDE SCHOOLS,"-$1,234,639.57"
2100-000.00,,TOTAL EXPENDITURES PUPIL SERVICES,"$21,955,755.60"
2210-140.00,,AIDES AND PARAPROFESSIONALS,"$2,688.00"
2210-191.00,,OTHER ADMINISTRATIVE PERSONNEL,"$13,542,364.52"
2210-210.00,,STATE HEALTH INSURANCE,"$1,630,286.32"
2210-220.00,,FICA,"$196,328.85"
2210-230.00,,TEACHERS RETIREMENT SYSTEM,"$2,857,845.00"
2210-290.00,,OTHER EMPLOYEE BENEFITS,"$22,894.02"
2210-300.00,,PURCHASED PROFESSIONAL AND TECHNICAL SERVICES,"$552,725.66"
2210-580.00,,TRAVEL - EMPLOYEES,"$197,616.79"
2210-610.00,,SUPPLIES,"$5,436.82"
2210-810.00,,DUES AND FEES,"$26,470.00"
2210-881.00,,SCHOOLWIDE SCHOOLS,"-$965,385.03"
2210-000.00,,TOTAL EXPENDITURES IMPROVEMENT OF INSTRUCTIONAL SERVICES,"$18,069,270.95"
2213-116.00,,PROFESSIONAL DEVELOPMENT STIPENDS,"$56,400.00"
2213-220.00,,FICA,$756.95
2213-300.00,,PURCHASED PROFESSIONAL AND TECHNICAL SERVICES,"$36,215.00"
2213-580.00,,TRAVEL - EMPLOYEES,"$213,697.27"
2213-642.00,,BOOKS (OTHER THAN TEXTBOOKS) AND PERIODICALS,"$20,915.00"
2213-810.00,,DUES AND FEES,"$81,895.99"
2213-881.00,,SCHOOLWIDE SCHOOLS,"-$62,251.02"
2213-000.00,,TOTAL EXPENDITURES INSTRUCTIONAL STAFF TRAINING,"$347,629.19"
2220-113.00,,SUBSTITUTE/TEMPORARY EMPLOYEE,"$1,726.00"
2220-140.00,,AIDES AND PARAPROFESSIONALS,"$395,368.00"
2220-165.00,,LIBRARIAN/MEDIA SPECIALIST,"$2,627,515.11"
2220-210.00,,STATE HEALTH INSURANCE,"$477,130.50"
2220-220.00,,FICA,"$43,801.87"
2220-230.00,,TEACHERS RETIREMENT SYSTEM,"$635,844.83"
2220-290.00,,OTHER EMPLOYEE BENEFITS,"$6,700.32"
2220-610.00,,SUPPLIES,$68.11
2220-642.00,,BOOKS (OTHER THAN TEXTBOOKS) AND PERIODICALS,"$196,320.23"
2220-730.00,,PURCHASE OF EQUIPMENT - OTHER THAN BUSES AND COMPU,"$19,842.36"
2220-881.00,,SCHOOLWIDE SCHOOLS,"-$305,061.24"
2220-000.00,,TOTAL EXPENDITURES EDUCATIONAL MEDIA SERVICES,"$4,099,256.09"
2400-114.00,,SUBSTITUTE/TEMPORARY EMPLOYEE,"$19,188.00"
2400-130.00,,PRINCIPAL,"$6,152,420.35"
2400-131.00,,ASSISTANT PRINCIPAL,"$11,003,319.90"
2400-141.00,,SALARY OF SERETARIAL STAFF,"$2,568,946.61"
2400-142.00,,SALARY OF CLERICAL STAFF,"$2,269,077.18"
2400-190.00,,OTHER MANAGEMENT PERSONNEL,"$163,247.00"
2400-191.00,,OTHER ADMINISTRATIVE PERSONNEL,"$1,114,758.28"
2400-199.00,,OTHER SALARIES AND COMPENSATION,"$133,239.33"
2400-210.00,,STATE HEALTH INSURANCE,"$2,952,702.98"
2400-220.00,,FICA,"$334,657.90"
2400-230.00,,TEACHERS RETIREMENT SYSTEM,"$4,779,469.49"
2400-290.00,,OTHER EMPLOYEE BENEFITS,"$41,525.94"
2400-300.00,,PURCHASED PROFESSIONAL AND TECHNICAL SERVICES,"$9,720.00"
2400-530.00,,COMMUNICATION,$301.90
2400-580.00,,TRAVEL - EMPLOYEES,"$195,500.62"
2400-810.00,,DUES AND FEES,"$41,410.99"
2400-881.00,,SCHOOLWIDE SCHOOLS,"-$2,050,215.07"
2400-000.00,,TOTAL EXPENDITURES SCHOOL ADMINISTRATION,"$29,729,271.40"
2700-181.00,,"MAINTENANCE PERSONNEL, TRANSPORTATION MECHANIC, OT","$20,290.00"
2700-519.00,,STUDENT TRANSPORTATION PURCHASED FROM OTHER SOURCES,"$92,478.93"
2700-595.00,,OTHER PURCHASED SERVICES,"$1,102,951.02"
2700-881.00,,SCHOOLWIDE SCHOOLS,"-$74,322.78"
2700-000.00,,TOTAL EXPENDITURES STUDENT TRANSPORTATION SERVICE,"$1,141,397.17"
7000,,TOTAL EXPENDITURES & OTHER USES,"$251,477,026.78"
2600-430.00,,REPAIR AND MAINTENANCE SERVICES,"$8,520,792.49"
2600-000.00,,TOTAL EXPENDITURES MAINTENANCE AND OPERATION OF PLANT SERVICES,"$8,520,792.49"
2700-530.00,,COMMUNICATION,"$59,000.00"
2700-612.00,,COMPUTER SOFTWARE,"$145,000.00"
2700-615.00,,EXPENDABLE EQUIPMENT,"$94,000.00"
2700-730.00,,PURCHASE OF EQUIPMENT - OTHER THAN BUSES AND COMPU,"$557,000.00"
2700-732.00,,PURCHASE OR LEASE-PURCHASE OF BUSES,"$7,016,000.00"
2700-000.00,,TOTAL EXPENDITURES STUDENT TRANSPORTATION SERVICE,"$7,871,000.00"
4000-142.00,,SALARY OF CLERICAL STAFF,"$121,735.40"
4000-190.00,,OTHER MANAGEMENT PERSONNEL,"$158,600.71"
4000-191.00,,OTHER ADMINISTRATIVE PERSONNEL,"$380,533.32"
4000-200.00,,EMPLOYEE BENEFITS,"$2,000.00"
4000-210.00,,STATE HEALTH INSURANCE,"$79,148.10"
4000-220.00,,FICA,"$9,396.58"
4000-230.00,,TEACHERS RETIREMENT SYSTEM,"$133,887.47"
4000-290.00,,OTHER EMPLOYEE BENEFITS,"$1,159.34"
4000-300.00,,PURCHASED PROFESSIONAL AND TECHNICAL SERVICES,"$19,686,600.70"
4000-441.00,,RENTAL OF LAND OR BUILDINGS,"$602,000.00"
4000-442.00,,RENTAL OF EQUIPMENT AND VEHICLES,"$662,700.00"
4000-610.00,,SUPPLIES,"$302,000.00"
4000-612.00,,COMPUTER SOFTWARE,"$910,000.00"
4000-615.00,,EXPENDABLE EQUIPMENT,"$10,671,900.00"
4000-616.00,,EXPENDABLE COMPUTER EQUIPMENT,"$8,734,073.69"
4000-710.00,,LAND ACQUISITION AND DEVELOPMENT,"$8,000.00"
4000-715.00,,LAND IMPROVEMENTS,"$2,540,200.00"
4000-720.00,,"BUILDING ACQUISITION, CONSTRUCTION, AND IMPROVEMEN","$98,543,061.06"
4000-730.00,,PURCHASE OF EQUIPMENT - OTHER THAN BUSES AND COMPU,"$11,025,460.22"
4000-000.00,,TOTAL EXPENDITURES FACILITIES ACQUISITION AND CONSTRUCTION SERVICES,"$154,572,456.59"
5100-830.00,,INTEREST,"$4,059,600.00"
5100-831.00,,REDEMPTION OF PRINCIPAL,"$730,349.20"
5100-000.00,,TOTAL EXPENDITURES DEBT SERVICE,"$4,789,949.20"
7000,,TOTAL EXPENDITURES & OTHER USES,"$175,754,198.28"
2230-142.00,,SALARY OF CLERICAL STAFF,"$74,216.00"
2230-190.00,,OTHER MANAGEMENT PERSONNEL,"$486,050.00"
2230-191.00,,OTHER ADMINISTRATIVE PERSONNEL,"$777,938.00"
2230-210.00,,STATE HEALTH INSURANCE,"$170,100.00"
2230-220.00,,FICA,"$20,651.00"
2230-230.00,,TEACHERS RETIREMENT SYSTEM,"$248,900.00"
2230-260.00,,WORKMEN COMPENSATION,"$2,943.00"
2230-290.00,,OTHER EMPLOYEE BENEFITS,"$2,019.00"
2230-300.00,,PURCHASED PROFESSIONAL AND TECHNICAL SERVICES,"$227,279.00"
2230-332.00,,"DRUG AND ALCOHOL TESTING, FINGERPRINTING",$904.00
2230-580.00,,TRAVEL - EMPLOYEES,"$119,999.00"
2230-595.00,,OTHER PURCHASED SERVICES,"$5,000.00"
2230-610.00,,SUPPLIES,"$135,000.00"
2230-615.00,,EXPENDABLE EQUIPMENT,"$2,000.00"
2230-616.00,,EXPENDABLE COMPUTER EQUIPMENT,"$21,114.00"
2230-642.00,,BOOKS (OTHER THAN TEXTBOOKS) AND PERIODICALS,"$2,500.00"
2230-810.00,,DUES AND FEES,"$18,000.00"
2230-000.00,,TOTAL EXPENDITURES FEDERAL GRANT ADMINISTRATION,"$2,314,613.00"
7000,,TOTAL EXPENDITURES & OTHER USES,"$2,314,613.00"
1000-110.00,,TEACHERS,"$172,177.93"
1000-199.00,,OTHER SALARIES AND COMPENSATION,"$104,329.40"
1000-210.00,,STATE HEALTH INSURANCE,"$9,059.12"
1000-220.00,,FICA,"$21,002.92"
1000-230.00,,TEACHERS RETIREMENT SYSTEM,"$10,253.05"
1000-290.00,,OTHER EMPLOYEE BENEFITS,"$12,441.54"
1000-300.00,,PURCHASED PROFESSIONAL AND TECHNICAL SERVICES,"$123,351.59"
1000-321.00,,CONTRACTED SERVICE - TEACHERS,"$4,886,399.11"
1000-430.00,,REPAIR AND MAINTENANCE SERVICES,"$19,147.50"
1000-532.00,,COMMUNICATIONS – WEB-BASED SUBSCRIPTIONS AND LICENSES,"$442,651.06"
1000-595.00,,OTHER PURCHASED SERVICES,"$21,000.00"
1000-610.00,,SUPPLIES,"$4,512,314.47"
1000-612.00,,COMPUTER SOFTWARE,"$25,841.00"
1000-615.00,,EXPENDABLE EQUIPMENT,"$111,349.25"
1000-616.00,,EXPENDABLE COMPUTER EQUIPMENT,"$1,034,041.39"
1000-642.00,,BOOKS (OTHER THAN TEXTBOOKS) AND PERIODICALS,"$1,689,061.78"
1000-881.00,,SCHOOLWIDE SCHOOLS,"$16,093,110.37"
1000-000.00,,TOTAL EXPENDITURES INSTRUCTION,"$29,287,531.48"
2100-177.00,,FAMILY SERVICES/PARENT COORDINATOR,"$219,099.76"
2100-191.00,,OTHER ADMINISTRATIVE PERSONNEL,"$173,100.28"
2100-199.00,,OTHER SALARIES AND COMPENSATION,"$12,581.37"
2100-210.00,,STATE HEALTH INSURANCE,"$29,944.97"
2100-220.00,,FICA,"$5,861.58"
2100-230.00,,TEACHERS RETIREMENT SYSTEM,"$39,352.57"
2100-260.00,,WORKMEN COMPENSATION,$283.33
2100-290.00,,OTHER EMPLOYEE BENEFITS,"$2,347.40"
2100-300.00,,PURCHASED PROFESSIONAL AND TECHNICAL SERVICES,"$668,890.32"
2100-321.00,,CONTRACTED SERVICE - TEACHERS,"$366,881.56"
2100-432.00,,REPAIR AND MAINTENANCE SERVICES - TECHNOLOGY RELATED,"$2,434.95"
2100-530.00,,COMMUNICATION,"$41,846.21"
2100-532.00,,COMMUNICATIONS – WEB-BASED SUBSCRIPTIONS AND LICENSES,"$52,870.45"
2100-580.00,,TRAVEL - EMPLOYEES,"$86,548.92"
2100-595.00,,OTHER PURCHASED SERVICES,"$83,351.06"
2100-610.00,,SUPPLIES,"$564,212.74"
2100-611.00,,SUPPLIES - TECHNOLOGY RELATED,"$14,979.10"
2100-612.00,,COMPUTER SOFTWARE,"$22,331.72"
2100-615.00,,EXPENDABLE EQUIPMENT,"$27,691.38"
2100-616.00,,EXPENDABLE COMPUTER EQUIPMENT,"$76,395.11"
2100-642.00,,BOOKS (OTHER THAN TEXTBOOKS) AND PERIODICALS,"$40,671.04"
2100-810.00,,DUES AND FEES,"$39,470.41"
2100-881.00,,SCHOOLWIDE SCHOOLS,"$1,234,639.57"
2100-000.00,,TOTAL EXPENDITURES PUPIL SERVICES,"$3,805,785.80"
2210-321.00,,CONTRACTED SERVICE - TEACHERS,"$188,581.16"
2210-610.00,,SUPPLIES,"$204,971.24"
2210-881.00,,SCHOOLWIDE SCHOOLS,"$965,385.03"
2210-000.00,,TOTAL EXPENDITURES IMPROVEMENT OF INSTRUCTIONAL SERVICES,"$1,358,937.43"
2213-113.00,,SUBSTITUTE/TEMPORARY EMPLOYEE,"$110,569.08"
2213-116.00,,PROFESSIONAL DEVELOPMENT STIPENDS,"$979,509.75"
2213-161.00,,TECHNOLOGY SPECIALIST,"$827,581.76"
2213-162.00,,PLANNING & EVALUATION PERSONNEL,"$51,080.60"
2213-191.00,,OTHER ADMINISTRATIVE PERSONNEL,"$1,254,989.04"
2213-210.00,,STATE HEALTH INSURANCE,"$234,225.90"
2213-220.00,,FICA,"$214,446.02"
2213-230.00,,TEACHERS RETIREMENT SYSTEM,"$393,312.30"
2213-260.00,,WORKMEN COMPENSATION,"$3,344.00"
2213-290.00,,OTHER EMPLOYEE BENEFITS,"$4,670.01"
2213-300.00,,PURCHASED PROFESSIONAL AND TECHNICAL SERVICES,"$743,634.40"
2213-321.00,,CONTRACTED SERVICE - TEACHERS,"$494,089.99"
2213-532.00,,COMMUNICATIONS – WEB-BASED SUBSCRIPTIONS AND LICENSES,"$34,900.00"
2213-580.00,,TRAVEL - EMPLOYEES,"$159,609.17"
2213-595.00,,OTHER PURCHASED SERVICES,"$84,839.00"
2213-610.00,,SUPPLIES,"$5,950.00"
2213-810.00,,DUES AND FEES,"$158,484.81"
2213-881.00,,SCHOOLWIDE SCHOOLS,"$62,251.02"
2213-000.00,,TOTAL EXPENDITURES INSTRUCTIONAL STAFF TRAINING,"$5,817,486.85"
2220-881.00,,SCHOOLWIDE SCHOOLS,"$305,061.24"
2220-000.00,,TOTAL EXPENDITURES EDUCATIONAL MEDIA SERVICES,"$305,061.24"
2230-191.00,,OTHER ADMINISTRATIVE PERSONNEL,"$2,078.94"
2230-210.00,,STATE HEALTH INSURANCE,$274.05
2230-220.00,,FICA,$25.76
2230-230.00,,TEACHERS RETIREMENT SYSTEM,$434.50
2230-290.00,,OTHER EMPLOYEE BENEFITS,$3.26
2230-882.00,,FEDERAL ADMINISTRATIVE CONSOLIDATION PROGRAM,"$2,760,996.51"
2230-000.00,,TOTAL EXPENDITURES FEDERAL GRANT ADMINISTRATION,"$2,763,813.02"
2300-880.00,,FEDERAL INDIRECT COST CHARGES,"$1,596,730.77"
2300-000.00,,TOTAL EXPENDITURES GENERAL ADMINISTRATION,"$1,596,730.77"
2400-580.00,,TRAVEL - EMPLOYEES,"$5,000.00"
2400-810.00,,DUES AND FEES,"$2,000.00"
2400-881.00,,SCHOOLWIDE SCHOOLS,"$2,050,215.07"
2400-000.00,,TOTAL EXPENDITURES SCHOOL ADMINISTRATION,"$2,057,215.07"
2700-519.00,,STUDENT TRANSPORTATION PURCHASED FROM OTHER SOURCES,"$45,806.08"
2700-595.00,,OTHER PURCHASED SERVICES,"$72,352.07"
2700-881.00,,SCHOOLWIDE SCHOOLS,"$74,322.78"
2700-000.00,,TOTAL EXPENDITURES STUDENT TRANSPORTATION SERVICE,"$192,480.93"
7000,,TOTAL EXPENDITURES & OTHER USES,"$47,185,042.59"
1000-110.00,,TEACHERS,"$3,100,016.49"
1000-112.00,,PREKINDERGARTEN TEACHER,"$15,427.72"
1000-118.00,,"ART,MUSIC,PE","$215,522.76"
1000-140.00,,AIDES AND PARAPROFESSIONALS,"$2,228,350.28"
1000-210.00,,STATE HEALTH INSURANCE,"$918,071.42"
1000-220.00,,FICA,"$83,270.04"
1000-230.00,,TEACHERS RETIREMENT SYSTEM,"$980,995.06"
1000-290.00,,OTHER EMPLOYEE BENEFITS,"$12,972.04"
1000-300.00,,PURCHASED PROFESSIONAL AND TECHNICAL SERVICES,"$1,297,842.85"
1000-000.00,,TOTAL EXPENDITURES INSTRUCTION,"$8,852,468.66"
2100-164.00,,PHYSICAL/OCCUPATIONAL/MOBILITY/SPEECH THERAPIST,"$100,451.00"
2100-177.00,,FAMILY SERVICES/PARENT COORDINATOR,"$28,388.00"
2100-178.00,,GRADUATION COACH,"$70,000.00"
2100-191.00,,OTHER ADMINISTRATIVE PERSONNEL,"$305,839.64"
2100-210.00,,STATE HEALTH INSURANCE,"$59,913.00"
2100-220.00,,FICA,"$7,347.20"
2100-230.00,,TEACHERS RETIREMENT SYSTEM,"$99,286.69"
2100-290.00,,OTHER EMPLOYEE BENEFITS,$742.84
2100-300.00,,PURCHASED PROFESSIONAL AND TECHNICAL SERVICES,"$128,000.00"
2100-580.00,,TRAVEL - EMPLOYEES,"$10,000.00"
2100-810.00,,DUES AND FEES,$804.00
2100-000.00,,TOTAL EXPENDITURES PUPIL SERVICES,"$810,772.37"
2230-142.00,,SALARY OF CLERICAL STAFF,"$77,447.98"
2230-210.00,,STATE HEALTH INSURANCE,"$9,639.00"
2230-220.00,,FICA,"$1,380.69"
2230-230.00,,TEACHERS RETIREMENT SYSTEM,"$9,899.75"
2230-290.00,,OTHER EMPLOYEE BENEFITS,$180.36
2230-000.00,,TOTAL EXPENDITURES FEDERAL GRANT ADMINISTRATION,"$98,547.78"
2300-880.00,,FEDERAL INDIRECT COST CHARGES,"$659,344.00"
2300-000.00,,TOTAL EXPENDITURES GENERAL ADMINISTRATION,"$659,344.00"
2700-181.00,,"MAINTENANCE PERSONNEL, TRANSPORTATION MECHANIC, OT","$914,747.72"
2700-210.00,,STATE HEALTH INSURANCE,"$250,000.00"
2700-220.00,,FICA,"$13,263.84"
2700-290.00,,OTHER EMPLOYEE BENEFITS,"$3,521.56"
2700-595.00,,OTHER PURCHASED SERVICES,$0.07
2700-000.00,,TOTAL EXPENDITURES STUDENT TRANSPORTATION SERVICE,"$1,181,533.19"
7000,,TOTAL EXPENDITURES & OTHER USES,"$11,602,666.00"
1000-113.00,,SUBSTITUTE/TEMPORARY EMPLOYEE,"$11,773.00"
1000-300.00,,PURCHASED PROFESSIONAL AND TECHNICAL SERVICES,"$5,199.00"
1000-430.00,,REPAIR AND MAINTENANCE SERVICES,"$14,271.00"
1000-532.00,,COMMUNICATIONS – WEB-BASED SUBSCRIPTIONS AND LICENSES,"$135,000.00"
1000-580.00,,TRAVEL - EMPLOYEES,"$15,692.00"
1000-610.00,,SUPPLIES,"$76,763.00"
1000-611.00,,SUPPLIES - TECHNOLOGY RELATED,$736.00
1000-615.00,,EXPENDABLE EQUIPMENT,"$85,276.00"
1000-616.00,,EXPENDABLE COMPUTER EQUIPMENT,"$347,006.00"
1000-642.00,,BOOKS (OTHER THAN TEXTBOOKS) AND PERIODICALS,"$21,178.00"
1000-810.00,,DUES AND FEES,"$24,049.00"
1000-000.00,,TOTAL EXPENDITURES INSTRUCTION,"$736,943.00"
2210-300.00,,PURCHASED PROFESSIONAL AND TECHNICAL SERVICES,"$21,435.00"
2210-530.00,,COMMUNICATION,$7.00
2210-610.00,,SUPPLIES,"$9,826.00"
2210-000.00,,TOTAL EXPENDITURES IMPROVEMENT OF INSTRUCTIONAL SERVICES,"$31,268.00"
2213-113.00,,SUBSTITUTE/TEMPORARY EMPLOYEE,"$2,398.00"
2213-116.00,,PROFESSIONAL DEVELOPMENT STIPENDS,"$6,550.00"
2213-580.00,,TRAVEL - EMPLOYEES,$945.00
2213-810.00,,DUES AND FEES,"$19,325.00"
2213-000.00,,TOTAL EXPENDITURES INSTRUCTIONAL STAFF TRAINING,"$29,218.00"
2230-580.00,,TRAVEL - EMPLOYEES,"$2,886.00"
2230-810.00,,DUES AND FEES,$370.00
2230-000.00,,TOTAL EXPENDITURES FEDERAL GRANT ADMINISTRATION,"$3,256.00"
7000,,TOTAL EXPENDITURES & OTHER USES,"$800,685.00"
1000-191.00,,OTHER ADMINISTRATIVE PERSONNEL,"$62,000.00"
1000-220.00,,FICA,$899.00
1000-300.00,,PURCHASED PROFESSIONAL AND TECHNICAL SERVICES,"$152,000.00"
1000-000.00,,TOTAL EXPENDITURES INSTRUCTION,"$214,899.00"
2210-300.00,,PURCHASED PROFESSIONAL AND TECHNICAL SERVICES,"$76,305.00"
2210-000.00,,TOTAL EXPENDITURES IMPROVEMENT OF INSTRUCTIONAL SERVICES,"$76,305.00"
2213-116.00,,PROFESSIONAL DEVELOPMENT STIPENDS,"$2,151,478.67"
2213-162.00,,PLANNING & EVALUATION PERSONNEL,"$19,546.00"
2213-191.00,,OTHER ADMINISTRATIVE PERSONNEL,"$194,710.21"
2213-199.00,,OTHER SALARIES AND COMPENSATION,"$330,223.98"
2213-210.00,,STATE HEALTH INSURANCE,"$43,157.24"
2213-220.00,,FICA,"$34,828.89"
2213-230.00,,TEACHERS RETIREMENT SYSTEM,"$99,514.28"
2213-260.00,,WORKMEN COMPENSATION,$338.00
2213-290.00,,OTHER EMPLOYEE BENEFITS,"$3,119.01"
2213-300.00,,PURCHASED PROFESSIONAL AND TECHNICAL SERVICES,"$978,350.18"
2213-321.00,,CONTRACTED SERVICE - TEACHERS,"$46,370.68"
2213-580.00,,TRAVEL - EMPLOYEES,"$77,042.05"
2213-595.00,,OTHER PURCHASED SERVICES,"$733,883.91"
2213-610.00,,SUPPLIES,"$142,755.60"
2213-642.00,,BOOKS (OTHER THAN TEXTBOOKS) AND PERIODICALS,"$146,616.90"
2213-810.00,,DUES AND FEES,"$376,675.32"
2213-000.00,,TOTAL EXPENDITURES INSTRUCTIONAL STAFF TRAINING,"$5,378,610.92"
2230-882.00,,FEDERAL ADMINISTRATIVE CONSOLIDATION PROGRAM,"$138,118.50"
2230-000.00,,TOTAL EXPENDITURES FEDERAL GRANT ADMINISTRATION,"$138,118.50"
2800-142.00,,SALARY OF CLERICAL STAFF,"$64,186.20"
2800-191.00,,OTHER ADMINISTRATIVE PERSONNEL,"$26,608.00"
2800-199.00,,OTHER SALARIES AND COMPENSATION,"$7,100.00"
2800-210.00,,STATE HEALTH INSURANCE,"$5,211.46"
2800-220.00,,FICA,"$2,340.53"
2800-230.00,,TEACHERS RETIREMENT SYSTEM,"$1,128.47"
2800-260.00,,WORKMEN COMPENSATION,$119.00
2800-290.00,,OTHER EMPLOYEE BENEFITS,$64.04
2800-300.00,,PURCHASED PROFESSIONAL AND TECHNICAL SERVICES,"$5,500.00"
2800-530.00,,COMMUNICATION,"$13,000.00"
2800-532.00,,COMMUNICATIONS – WEB-BASED SUBSCRIPTIONS AND LICENSES,"$308,319.23"
2800-580.00,,TRAVEL - EMPLOYEES,"$58,675.73"
2800-612.00,,COMPUTER SOFTWARE,"$30,000.00"
2800-000.00,,TOTAL EXPENDITURES SUPPORT SERVICES - CENTRAL,"$522,252.66"
7000,,TOTAL EXPENDITURES & OTHER USES,"$6,330,186.08"
1000-110.00,,TEACHERS,"$12,062.98"
1000-173.00,,SECONDARY COUNSELOR,$721.75
1000-220.00,,FICA,$197.78
1000-300.00,,PURCHASED PROFESSIONAL AND TECHNICAL SERVICES,"$4,800.00"
1000-610.00,,SUPPLIES,"$10,529.24"
1000-000.00,,TOTAL EXPENDITURES INSTRUCTION,"$28,311.75"
2100-176.00,,SCHOOL SOCIAL WORKER,"$5,154.50"
2100-220.00,,FICA,$221.00
2100-595.00,,OTHER PURCHASED SERVICES,"$21,250.00"
2100-000.00,,TOTAL EXPENDITURES PUPIL SERVICES,"$26,625.50"
2230-580.00,,TRAVEL - EMPLOYEES,"$7,817.22"
2230-610.00,,SUPPLIES,"$4,179.37"
2230-000.00,,TOTAL EXPENDITURES FEDERAL GRANT ADMINISTRATION,"$11,996.59"
2300-880.00,,FEDERAL INDIRECT COST CHARGES,"$7,580.96"
2300-000.00,,TOTAL EXPENDITURES GENERAL ADMINISTRATION,"$7,580.96"
2700-519.00,,STUDENT TRANSPORTATION PURCHASED FROM OTHER SOURCES,"$64,508.32"
2700-000.00,,TOTAL EXPENDITURES STUDENT TRANSPORTATION SERVICE,"$64,508.32"
7000,,TOTAL EXPENDITURES & OTHER USES,"$139,023.12"
1000-110.00,,TEACHERS,"$7,450.00"
1000-220.00,,FICA,$108.03
1000-610.00,,SUPPLIES,"$21,772.40"
1000-000.00,,TOTAL EXPENDITURES INSTRUCTION,"$29,330.43"
2210-191.00,,OTHER ADMINISTRATIVE PERSONNEL,"$44,715.01"
2210-210.00,,STATE HEALTH INSURANCE,"$4,819.50"
2210-220.00,,FICA,$648.37
2210-230.00,,TEACHERS RETIREMENT SYSTEM,"$9,452.75"
2210-290.00,,OTHER EMPLOYEE BENEFITS,$67.68
2210-300.00,,PURCHASED PROFESSIONAL AND TECHNICAL SERVICES,"$10,564.00"
2210-595.00,,OTHER PURCHASED SERVICES,"$8,050.00"
2210-000.00,,TOTAL EXPENDITURES IMPROVEMENT OF INSTRUCTIONAL SERVICES,"$78,317.31"
7000,,TOTAL EXPENDITURES & OTHER USES,"$107,647.74"
1000-199.00,,OTHER SALARIES AND COMPENSATION,"$54,800.00"
1000-220.00,,FICA,$970.00
1000-532.00,,COMMUNICATIONS – WEB-BASED SUBSCRIPTIONS AND LICENSES,"$65,000.00"
1000-610.00,,SUPPLIES,"$24,936.00"
1000-641.00,,TEXTBOOKS - PRINTED,"$9,058.00"
1000-642.00,,BOOKS (OTHER THAN TEXTBOOKS) AND PERIODICALS,"$30,500.00"
1000-000.00,,TOTAL EXPENDITURES INSTRUCTION,"$185,264.00"
2100-199.00,,OTHER SALARIES AND COMPENSATION,"$6,975.00"
2100-220.00,,FICA,$43.00
2100-595.00,,OTHER PURCHASED SERVICES,"$1,250.00"
2100-610.00,,SUPPLIES,"$3,475.69"
2100-642.00,,BOOKS (OTHER THAN TEXTBOOKS) AND PERIODICALS,"$1,314.00"
2100-000.00,,TOTAL EXPENDITURES PUPIL SERVICES,"$13,057.69"
2210-300.00,,PURCHASED PROFESSIONAL AND TECHNICAL SERVICES,$500.00
2210-532.00,,COMMUNICATIONS – WEB-BASED SUBSCRIPTIONS AND LICENSES,"$13,958.00"
2210-000.00,,TOTAL EXPENDITURES IMPROVEMENT OF INSTRUCTIONAL SERVICES,"$14,458.00"
2213-113.00,,SUBSTITUTE/TEMPORARY EMPLOYEE,"$3,360.00"
2213-199.00,,OTHER SALARIES AND COMPENSATION,"$69,000.00"
2213-210.00,,STATE HEALTH INSURANCE,"$2,913.00"
2213-220.00,,FICA,$630.00
2213-230.00,,TEACHERS RETIREMENT SYSTEM,"$3,500.00"
2213-290.00,,OTHER EMPLOYEE BENEFITS,$44.70
2213-300.00,,PURCHASED PROFESSIONAL AND TECHNICAL SERVICES,"$26,500.00"
2213-532.00,,COMMUNICATIONS – WEB-BASED SUBSCRIPTIONS AND LICENSES,"$23,948.00"
2213-580.00,,TRAVEL - EMPLOYEES,"$13,000.00"
2213-595.00,,OTHER PURCHASED SERVICES,"$1,500.00"
2213-610.00,,SUPPLIES,"$3,500.00"
2213-642.00,,BOOKS (OTHER THAN TEXTBOOKS) AND PERIODICALS,"$26,000.00"
2213-810.00,,DUES AND FEES,"$26,100.00"
2213-000.00,,TOTAL EXPENDITURES INSTRUCTIONAL STAFF TRAINING,"$199,995.70"
2900-642.00,,BOOKS (OTHER THAN TEXTBOOKS) AND PERIODICALS,$610.00
2900-000.00,,TOTAL EXPENDITURES OTHER SUPPORT SERVICES,$610.00
7000,,TOTAL EXPENDITURES & OTHER USES,"$413,385.39"
1000-110.00,,TEACHERS,"$767,775.48"
1000-140.00,,AIDES AND PARAPROFESSIONALS,"$62,991.55"
1000-199.00,,OTHER SALARIES AND COMPENSATION,"$267,202.85"
1000-210.00,,STATE HEALTH INSURANCE,"$19,207.55"
1000-220.00,,FICA,"$18,640.53"
1000-230.00,,TEACHERS RETIREMENT SYSTEM,"$35,555.68"
1000-290.00,,OTHER EMPLOYEE BENEFITS,$204.27
1000-300.00,,PURCHASED PROFESSIONAL AND TECHNICAL SERVICES,"$1,087,686.63"
1000-532.00,,COMMUNICATIONS – WEB-BASED SUBSCRIPTIONS AND LICENSES,"$51,268.40"
1000-580.00,,TRAVEL - EMPLOYEES,"$7,000.00"
1000-595.00,,OTHER PURCHASED SERVICES,"$2,616.00"
1000-610.00,,SUPPLIES,"$664,340.61"
1000-611.00,,SUPPLIES - TECHNOLOGY RELATED,"$1,422.05"
1000-615.00,,EXPENDABLE EQUIPMENT,"$21,499.57"
1000-616.00,,EXPENDABLE COMPUTER EQUIPMENT,"$284,791.00"
1000-810.00,,DUES AND FEES,"$52,086.00"
1000-881.00,,SCHOOLWIDE SCHOOLS,"$670,058.00"
1000-000.00,,TOTAL EXPENDITURES INSTRUCTION,"$4,014,346.17"
2100-177.00,,FAMILY SERVICES/PARENT COORDINATOR,"$6,709.50"
2100-191.00,,OTHER ADMINISTRATIVE PERSONNEL,"$105,449.34"
2100-199.00,,OTHER SALARIES AND COMPENSATION,$780.00
2100-220.00,,FICA,"$2,773.99"
2100-300.00,,PURCHASED PROFESSIONAL AND TECHNICAL SERVICES,"$486,683.66"
2100-321.00,,CONTRACTED SERVICE - TEACHERS,"$7,933.50"
2100-595.00,,OTHER PURCHASED SERVICES,"$6,123.00"
2100-610.00,,SUPPLIES,"$37,570.64"
2100-642.00,,BOOKS (OTHER THAN TEXTBOOKS) AND PERIODICALS,"$8,000.00"
2100-810.00,,DUES AND FEES,"$32,173.06"
2100-000.00,,TOTAL EXPENDITURES PUPIL SERVICES,"$694,196.69"
2213-300.00,,PURCHASED PROFESSIONAL AND TECHNICAL SERVICES,"$243,783.17"
2213-532.00,,COMMUNICATIONS – WEB-BASED SUBSCRIPTIONS AND LICENSES,"$3,000.00"
2213-580.00,,TRAVEL - EMPLOYEES,"$11,177.93"
2213-595.00,,OTHER PURCHASED SERVICES,"$38,235.62"
2213-610.00,,SUPPLIES,"$9,651.00"
2213-810.00,,DUES AND FEES,"$37,944.90"
2213-000.00,,TOTAL EXPENDITURES INSTRUCTIONAL STAFF TRAINING,"$343,792.62"
2230-882.00,,FEDERAL ADMINISTRATIVE CONSOLIDATION PROGRAM,"$210,332.90"
2230-000.00,,TOTAL EXPENDITURES FEDERAL GRANT ADMINISTRATION,"$210,332.90"
2300-880.00,,FEDERAL INDIRECT COST CHARGES,"$21,697.71"
2300-000.00,,TOTAL EXPENDITURES GENERAL ADMINISTRATION,"$21,697.71"
2400-199.00,,OTHER SALARIES AND COMPENSATION,"$188,940.63"
2400-210.00,,STATE HEALTH INSURANCE,"$3,979.25"
2400-220.00,,FICA,"$6,269.63"
2400-230.00,,TEACHERS RETIREMENT SYSTEM,"$9,941.12"
2400-290.00,,OTHER EMPLOYEE BENEFITS,$43.25
2400-000.00,,TOTAL EXPENDITURES SCHOOL ADMINISTRATION,"$209,173.88"
2600-181.00,,"MAINTENANCE PERSONNEL, TRANSPORTATION MECHANIC, OT","$1,575.00"
2600-220.00,,FICA,$50.00
2600-000.00,,TOTAL EXPENDITURES MAINTENANCE AND OPERATION OF PLANT SERVICES,"$1,625.00"
2700-519.00,,STUDENT TRANSPORTATION PURCHASED FROM OTHER SOURCES,"$55,746.00"
2700-595.00,,OTHER PURCHASED SERVICES,"$489,794.80"
2700-000.00,,TOTAL EXPENDITURES STUDENT TRANSPORTATION SERVICE,"$545,540.80"
2900-199.00,,OTHER SALARIES AND COMPENSATION,"$2,500.00"
2900-300.00,,PURCHASED PROFESSIONAL AND TECHNICAL SERVICES,"$38,680.00"
2900-000.00,,TOTAL EXPENDITURES OTHER SUPPORT SERVICES,"$41,180.00"
7000,,TOTAL EXPENDITURES & OTHER USES,"$6,081,885.77"
3100-610.00,,SUPPLIES,"$147,920.72"
3100-630.00,,PURCHASED FOOD,"$692,079.28"
3100-000.00,,TOTAL EXPENDITURES SCHOOL NUTRITION PROGRAM,"$840,000.00"
7000,,TOTAL EXPENDITURES & OTHER USES,"$840,000.00"
2100-146.00,,ATHLETICS PERSONNEL,"$381,823.02"
2100-220.00,,FICA,"$6,589.09"
2100-300.00,,PURCHASED PROFESSIONAL AND TECHNICAL SERVICES,"$157,481.34"
2100-580.00,,TRAVEL - EMPLOYEES,"$54,769.04"
2100-595.00,,OTHER PURCHASED SERVICES,"$482,834.32"
2100-610.00,,SUPPLIES,"$6,643.64"
2100-810.00,,DUES AND FEES,"$50,824.98"
2100-000.00,,TOTAL EXPENDITURES PUPIL SERVICES,"$1,140,965.43"
2600-186.00,,CUSTODIAL PERSONNEL,"$54,666.66"
2600-220.00,,FICA,$792.67
2600-000.00,,TOTAL EXPENDITURES MAINTENANCE AND OPERATION OF PLANT SERVICES,"$55,459.33"
7000,,TOTAL EXPENDITURES & OTHER USES,"$1,196,424.76"
1000-110.00,,TEACHERS,"$592,124.00"
1000-140.00,,AIDES AND PARAPROFESSIONALS,"$18,000.00"
1000-210.00,,STATE HEALTH INSURANCE,"$51,330.00"
1000-220.00,,FICA,"$9,000.00"
1000-230.00,,TEACHERS RETIREMENT SYSTEM,"$54,820.00"
1000-290.00,,OTHER EMPLOYEE BENEFITS,$807.00
1000-610.00,,SUPPLIES,"$70,289.00"
1000-000.00,,TOTAL EXPENDITURES INSTRUCTION,"$796,370.00"
2210-580.00,,TRAVEL - EMPLOYEES,"$8,175.00"
2210-810.00,,DUES AND FEES,"$7,325.00"
2210-000.00,,TOTAL EXPENDITURES IMPROVEMENT OF INSTRUCTIONAL SERVICES,"$15,500.00"
2600-181.00,,"MAINTENANCE PERSONNEL, TRANSPORTATION MECHANIC, OT","$14,110.00"
2600-220.00,,FICA,"$2,600.00"
2600-441.00,,RENTAL OF LAND OR BUILDINGS,"$4,000.00"
2600-442.00,,RENTAL OF EQUIPMENT AND VEHICLES,"$10,000.00"
2600-000.00,,TOTAL EXPENDITURES MAINTENANCE AND OPERATION OF PLANT SERVICES,"$30,710.00"
2900-142.00,,SALARY OF CLERICAL STAFF,"$95,161.00"
2900-190.00,,OTHER MANAGEMENT PERSONNEL,"$88,000.00"
2900-210.00,,STATE HEALTH INSURANCE,"$10,400.00"
2900-230.00,,TEACHERS RETIREMENT SYSTEM,"$30,225.00"
2900-290.00,,OTHER EMPLOYEE BENEFITS,$270.00
2900-000.00,,TOTAL EXPENDITURES OTHER SUPPORT SERVICES,"$224,056.00"
7000,,TOTAL EXPENDITURES & OTHER USES,"$1,066,636.00"
1000-114.00,,SUBSTITUTE/TEMPORARY EMPLOYEE,"$3,391.91"
1000-140.00,,AIDES AND PARAPROFESSIONALS,"$41,921.00"
1000-220.00,,FICA,$655.96
1000-610.00,,SUPPLIES,"$11,208.50"
1000-000.00,,TOTAL EXPENDITURES INSTRUCTION,"$57,177.37"
2100-142.00,,SALARY OF CLERICAL STAFF,"$11,000.00"
2100-177.00,,FAMILY SERVICES/PARENT COORDINATOR,"$263,562.52"
2100-210.00,,STATE HEALTH INSURANCE,"$48,195.00"
2100-220.00,,FICA,"$3,981.16"
2100-230.00,,TEACHERS RETIREMENT SYSTEM,"$55,717.12"
2100-290.00,,OTHER EMPLOYEE BENEFITS,$676.80
2100-300.00,,PURCHASED PROFESSIONAL AND TECHNICAL SERVICES,"$6,790.81"
2100-610.00,,SUPPLIES,"$6,507.00"
2100-000.00,,TOTAL EXPENDITURES PUPIL SERVICES,"$396,430.41"
2210-191.00,,OTHER ADMINISTRATIVE PERSONNEL,"$280,204.37"
2210-210.00,,STATE HEALTH INSURANCE,"$38,556.00"
2210-220.00,,FICA,"$4,062.96"
2210-230.00,,TEACHERS RETIREMENT SYSTEM,"$59,235.20"
2210-290.00,,OTHER EMPLOYEE BENEFITS,$541.44
2210-300.00,,PURCHASED PROFESSIONAL AND TECHNICAL SERVICES,"$7,449.00"
2210-580.00,,TRAVEL - EMPLOYEES,"$6,000.00"
2210-595.00,,OTHER PURCHASED SERVICES,"$1,000.00"
2210-610.00,,SUPPLIES,"$13,000.00"
2210-000.00,,TOTAL EXPENDITURES IMPROVEMENT OF INSTRUCTIONAL SERVICES,"$410,048.97"
7000,,TOTAL EXPENDITURES & OTHER USES,"$863,656.75"
1000-112.00,,PREKINDERGARTEN TEACHER,"$3,135,772.81"
1000-114.00,,SUBSTITUTE/TEMPORARY EMPLOYEE,"$46,000.00"
1000-140.00,,AIDES AND PARAPROFESSIONALS,"$1,375,122.82"
1000-191.00,,OTHER ADMINISTRATIVE PERSONNEL,"$42,343.21"
1000-210.00,,STATE HEALTH INSURANCE,"$1,021,734.00"
1000-220.00,,FICA,"$65,710.06"
1000-230.00,,TEACHERS RETIREMENT SYSTEM,"$933,798.63"
1000-290.00,,OTHER EMPLOYEE BENEFITS,"$14,348.16"
1000-300.00,,PURCHASED PROFESSIONAL AND TECHNICAL SERVICES,"$222,588.00"
1000-580.00,,TRAVEL - EMPLOYEES,"$5,087.61"
1000-595.00,,OTHER PURCHASED SERVICES,"$27,582.07"
1000-610.00,,SUPPLIES,"$57,309.25"
1000-616.00,,EXPENDABLE COMPUTER EQUIPMENT,"$5,820.00"
1000-000.00,,TOTAL EXPENDITURES INSTRUCTION,"$6,953,216.62"
2100-163.00,,SCHOOL NURSE/SPECIAL EDUCATION NURSE LPN,"$3,737.62"
2100-220.00,,FICA,$34.63
2100-230.00,,TEACHERS RETIREMENT SYSTEM,$504.68
2100-290.00,,OTHER EMPLOYEE BENEFITS,$0.18
2100-595.00,,OTHER PURCHASED SERVICES,$100.00
2100-000.00,,TOTAL EXPENDITURES PUPIL SERVICES,"$4,377.11"
2210-580.00,,TRAVEL - EMPLOYEES,$238.03
2210-595.00,,OTHER PURCHASED SERVICES,"$5,183.80"
2210-610.00,,SUPPLIES,"$77,625.00"
2210-810.00,,DUES AND FEES,"$2,527.83"
2210-000.00,,TOTAL EXPENDITURES IMPROVEMENT OF INSTRUCTIONAL SERVICES,"$85,574.66"
2213-116.00,,PROFESSIONAL DEVELOPMENT STIPENDS,"$10,000.00"
2213-220.00,,FICA,$145.00
2213-000.00,,TOTAL EXPENDITURES INSTRUCTIONAL STAFF TRAINING,"$10,145.00"
2700-595.00,,OTHER PURCHASED SERVICES,"$29,721.29"
2700-000.00,,TOTAL EXPENDITURES STUDENT TRANSPORTATION SERVICE,"$29,721.29"
2900-141.00,,SALARY OF SERETARIAL STAFF,"$1,461.16"
2900-190.00,,OTHER MANAGEMENT PERSONNEL,$835.10
2900-210.00,,STATE HEALTH INSURANCE,$354.39
2900-220.00,,FICA,$43.51
2900-230.00,,TEACHERS RETIREMENT SYSTEM,$509.87
2900-290.00,,OTHER EMPLOYEE BENEFITS,$5.21
2900-000.00,,TOTAL EXPENDITURES OTHER SUPPORT SERVICES,"$3,209.24"
7000,,TOTAL EXPENDITURES & OTHER USES,"$7,086,243.92"
1000-595.00,,OTHER PURCHASED SERVICES,$19.00
1000-610.00,,SUPPLIES,"$34,034.21"
1000-611.00,,SUPPLIES - TECHNOLOGY RELATED,"$2,910.88"
1000-000.00,,TOTAL EXPENDITURES INSTRUCTION,"$36,964.09"
2100-610.00,,SUPPLIES,"$54,871.69"
2100-615.00,,EXPENDABLE EQUIPMENT,"$23,288.85"
2100-000.00,,TOTAL EXPENDITURES PUPIL SERVICES,"$78,160.54"
2210-300.00,,PURCHASED PROFESSIONAL AND TECHNICAL SERVICES,$387.50
2210-595.00,,OTHER PURCHASED SERVICES,"$1,079.42"
2210-610.00,,SUPPLIES,$237.70
2210-000.00,,TOTAL EXPENDITURES IMPROVEMENT OF INSTRUCTIONAL SERVICES,"$1,704.62"
2213-580.00,,TRAVEL - EMPLOYEES,"$3,744.35"
2213-000.00,,TOTAL EXPENDITURES INSTRUCTIONAL STAFF TRAINING,"$3,744.35"
2700-519.00,,STUDENT TRANSPORTATION PURCHASED FROM OTHER SOURCES,"$2,366.88"
2700-000.00,,TOTAL EXPENDITURES STUDENT TRANSPORTATION SERVICE,"$2,366.88"
2800-595.00,,OTHER PURCHASED SERVICES,$17.14
2800-610.00,,SUPPLIES,"$8,312.01"
2800-000.00,,TOTAL EXPENDITURES SUPPORT SERVICES - CENTRAL,"$8,329.15"
2900-595.00,,OTHER PURCHASED SERVICES,$12.00
2900-000.00,,TOTAL EXPENDITURES OTHER SUPPORT SERVICES,$12.00
7000,,TOTAL EXPENDITURES & OTHER USES,"$131,281.63"
1000-110.00,,TEACHERS,"$1,282,687.22"
1000-113.00,,SUBSTITUTE/TEMPORARY EMPLOYEE,$344.94
1000-116.00,,PROFESSIONAL DEVELOPMENT STIPENDS,"$6,000.00"
1000-140.00,,AIDES AND PARAPROFESSIONALS,"$191,547.42"
1000-199.00,,OTHER SALARIES AND COMPENSATION,"$11,300.00"
1000-210.00,,STATE HEALTH INSURANCE,"$89,761.54"
1000-220.00,,FICA,"$41,363.69"
1000-230.00,,TEACHERS RETIREMENT SYSTEM,"$31,478.93"
1000-290.00,,OTHER EMPLOYEE BENEFITS,"$1,259.80"
1000-580.00,,TRAVEL - EMPLOYEES,"$10,162.69"
1000-594.00,,PAYMENTS TO CHARTER SCHOOLS,"$1,125.00"
1000-595.00,,OTHER PURCHASED SERVICES,"$17,225.48"
1000-610.00,,SUPPLIES,"$336,303.20"
1000-612.00,,COMPUTER SOFTWARE,"$52,965.77"
1000-615.00,,EXPENDABLE EQUIPMENT,"$66,784.86"
1000-616.00,,EXPENDABLE COMPUTER EQUIPMENT,"$28,412.73"
1000-642.00,,BOOKS (OTHER THAN TEXTBOOKS) AND PERIODICALS,"$1,978.46"
1000-000.00,,TOTAL EXPENDITURES INSTRUCTION,"$2,170,701.73"
2100-140.00,,AIDES AND PARAPROFESSIONALS,"$25,124.70"
2100-146.00,,ATHLETICS PERSONNEL,"$162,630.62"
2100-191.00,,OTHER ADMINISTRATIVE PERSONNEL,"$533,882.77"
2100-210.00,,STATE HEALTH INSURANCE,"$96,983.45"
2100-220.00,,FICA,"$115,460.09"
2100-230.00,,TEACHERS RETIREMENT SYSTEM,"$14,137.75"
2100-290.00,,OTHER EMPLOYEE BENEFITS,"$1,359.74"
2100-300.00,,PURCHASED PROFESSIONAL AND TECHNICAL SERVICES,"$240,063.21"
2100-580.00,,TRAVEL - EMPLOYEES,"$3,716.61"
2100-595.00,,OTHER PURCHASED SERVICES,"$53,342.93"
2100-610.00,,SUPPLIES,"$204,774.08"
2100-615.00,,EXPENDABLE EQUIPMENT,"$43,963.24"
2100-810.00,,DUES AND FEES,"$25,000.00"
2100-890.00,,OTHER EXPENDITURES,"$116,816.05"
2100-000.00,,TOTAL EXPENDITURES PUPIL SERVICES,"$1,637,255.24"
2210-110.00,,TEACHERS,"$14,760.00"
2210-115.00,,EXTENDED DAY - TEACHERS,"$1,388.77"
2210-116.00,,PROFESSIONAL DEVELOPMENT STIPENDS,"$1,720.93"
2210-117.00,,EXTENDED YEAR,"$7,000.00"
2210-191.00,,OTHER ADMINISTRATIVE PERSONNEL,"$197,924.22"
2210-210.00,,STATE HEALTH INSURANCE,"$28,917.00"
2210-220.00,,FICA,"$3,385.14"
2210-230.00,,TEACHERS RETIREMENT SYSTEM,"$46,021.32"
2210-290.00,,OTHER EMPLOYEE BENEFITS,$406.08
2210-300.00,,PURCHASED PROFESSIONAL AND TECHNICAL SERVICES,"$12,514.73"
2210-580.00,,TRAVEL - EMPLOYEES,"$84,597.74"
2210-595.00,,OTHER PURCHASED SERVICES,"$12,243.79"
2210-610.00,,SUPPLIES,"$88,104.73"
2210-616.00,,EXPENDABLE COMPUTER EQUIPMENT,"$5,000.00"
2210-810.00,,DUES AND FEES,"$1,045.00"
2210-000.00,,TOTAL EXPENDITURES IMPROVEMENT OF INSTRUCTIONAL SERVICES,"$505,029.45"
2213-116.00,,PROFESSIONAL DEVELOPMENT STIPENDS,"$5,000.00"
2213-191.00,,OTHER ADMINISTRATIVE PERSONNEL,"$1,150.00"
2213-199.00,,OTHER SALARIES AND COMPENSATION,"$6,133.00"
2213-220.00,,FICA,$199.00
2213-580.00,,TRAVEL - EMPLOYEES,"$7,231.00"
2213-810.00,,DUES AND FEES,"$6,300.00"
2213-000.00,,TOTAL EXPENDITURES INSTRUCTIONAL STAFF TRAINING,"$26,013.00"
2220-140.00,,AIDES AND PARAPROFESSIONALS,"$14,023.00"
2220-220.00,,FICA,$203.33
2220-000.00,,TOTAL EXPENDITURES EDUCATIONAL MEDIA SERVICES,"$14,226.33"
2300-300.00,,PURCHASED PROFESSIONAL AND TECHNICAL SERVICES,"$549,313.58"
2300-580.00,,TRAVEL - EMPLOYEES,"$2,000.00"
2300-595.00,,OTHER PURCHASED SERVICES,"$54,000.00"
2300-610.00,,SUPPLIES,"$7,961.25"
2300-616.00,,EXPENDABLE COMPUTER EQUIPMENT,"$2,500.00"
2300-880.00,,FEDERAL INDIRECT COST CHARGES,"$28,404.58"
2300-000.00,,TOTAL EXPENDITURES GENERAL ADMINISTRATION,"$644,179.41"
2400-130.00,,PRINCIPAL,"$13,799.00"
2400-131.00,,ASSISTANT PRINCIPAL,"$28,754.00"
2400-141.00,,SALARY OF SERETARIAL STAFF,$958.00
2400-191.00,,OTHER ADMINISTRATIVE PERSONNEL,"$114,488.00"
2400-199.00,,OTHER SALARIES AND COMPENSATION,"$1,232.00"
2400-210.00,,STATE HEALTH INSURANCE,"$9,639.00"
2400-220.00,,FICA,"$1,670.13"
2400-230.00,,TEACHERS RETIREMENT SYSTEM,"$24,086.00"
2400-290.00,,OTHER EMPLOYEE BENEFITS,$135.00
2400-000.00,,TOTAL EXPENDITURES SCHOOL ADMINISTRATION,"$194,761.13"
2500-191.00,,OTHER ADMINISTRATIVE PERSONNEL,"$36,000.00"
2500-000.00,,TOTAL EXPENDITURES SUPPORT SERVICES - BUSINESS,"$36,000.00"
2600-113.00,,SUBSTITUTE/TEMPORARY EMPLOYEE,$61.32
2600-114.00,,SUBSTITUTE/TEMPORARY EMPLOYEE,$138.00
2600-191.00,,OTHER ADMINISTRATIVE PERSONNEL,"$70,384.60"
2600-199.00,,OTHER SALARIES AND COMPENSATION,"$10,914.00"
2600-210.00,,STATE HEALTH INSURANCE,"$11,052.15"
2600-220.00,,FICA,"$1,474.89"
2600-230.00,,TEACHERS RETIREMENT SYSTEM,"$19,551.06"
2600-290.00,,OTHER EMPLOYEE BENEFITS,$137.79
2600-300.00,,PURCHASED PROFESSIONAL AND TECHNICAL SERVICES,"$124,239.15"
2600-580.00,,TRAVEL - EMPLOYEES,"$36,106.00"
2600-595.00,,OTHER PURCHASED SERVICES,"$1,432,477.01"
2600-610.00,,SUPPLIES,"$4,396.46"
2600-612.00,,COMPUTER SOFTWARE,"$117,566.60"
2600-616.00,,EXPENDABLE COMPUTER EQUIPMENT,"$156,816.00"
2600-000.00,,TOTAL EXPENDITURES MAINTENANCE AND OPERATION OF PLANT SERVICES,"$1,985,315.03"
2700-300.00,,PURCHASED PROFESSIONAL AND TECHNICAL SERVICES,"$4,800.00"
2700-519.00,,STUDENT TRANSPORTATION PURCHASED FROM OTHER SOURCES,"$2,500.00"
2700-595.00,,OTHER PURCHASED SERVICES,"$31,364.34"
2700-000.00,,TOTAL EXPENDITURES STUDENT TRANSPORTATION SERVICE,"$38,664.34"
2800-191.00,,OTHER ADMINISTRATIVE PERSONNEL,"$43,755.79"
2800-210.00,,STATE HEALTH INSURANCE,"$9,639.00"
2800-220.00,,FICA,$975.70
2800-230.00,,TEACHERS RETIREMENT SYSTEM,"$14,225.03"
2800-290.00,,OTHER EMPLOYEE BENEFITS,$135.36
2800-300.00,,PURCHASED PROFESSIONAL AND TECHNICAL SERVICES,"$6,000.00"
2800-595.00,,OTHER PURCHASED SERVICES,"$10,985.63"
2800-610.00,,SUPPLIES,"$146,733.04"
2800-000.00,,TOTAL EXPENDITURES SUPPORT SERVICES - CENTRAL,"$232,449.55"
2900-300.00,,PURCHASED PROFESSIONAL AND TECHNICAL SERVICES,"$2,118.00"
2900-595.00,,OTHER PURCHASED SERVICES,"$9,000.00"
2900-000.00,,TOTAL EXPENDITURES OTHER SUPPORT SERVICES,"$11,118.00"
7000,,TOTAL EXPENDITURES & OTHER USES,"$7,495,713.21"
1000-110.00,,TEACHERS,"$19,412.22"
1000-173.00,,SECONDARY COUNSELOR,$555.08
1000-220.00,,FICA,$289.53
1000-610.00,,SUPPLIES,"$18,584.48"
1000-000.00,,TOTAL EXPENDITURES INSTRUCTION,"$38,841.31"
2100-595.00,,OTHER PURCHASED SERVICES,$261.15
2100-610.00,,SUPPLIES,"$2,357.82"
2100-000.00,,TOTAL EXPENDITURES PUPIL SERVICES,"$2,618.97"
2210-610.00,,SUPPLIES,"$4,795.30"
2210-000.00,,TOTAL EXPENDITURES IMPROVEMENT OF INSTRUCTIONAL SERVICES,"$4,795.30"
2700-595.00,,OTHER PURCHASED SERVICES,$36.03
2700-000.00,,TOTAL EXPENDITURES STUDENT TRANSPORTATION SERVICE,$36.03
2800-143.00,,RESEARCH PERSONNEL,"$39,087.98"
2800-210.00,,STATE HEALTH INSURANCE,"$4,819.50"
2800-220.00,,FICA,$566.78
2800-230.00,,TEACHERS RETIREMENT SYSTEM,"$8,263.20"
2800-290.00,,OTHER EMPLOYEE BENEFITS,$67.68
2800-000.00,,TOTAL EXPENDITURES SUPPORT SERVICES - CENTRAL,"$52,805.14"
7000,,TOTAL EXPENDITURES & OTHER USES,"$99,096.75"
1000-110.00,,TEACHERS,"$4,927.50"
1000-173.00,,SECONDARY COUNSELOR,"$175,009.03"
1000-210.00,,STATE HEALTH INSURANCE,"$9,639.00"
1000-220.00,,FICA,"$2,616.09"
1000-230.00,,TEACHERS RETIREMENT SYSTEM,"$12,409.69"
1000-290.00,,OTHER EMPLOYEE BENEFITS,$135.36
1000-610.00,,SUPPLIES,$375.00
1000-000.00,,TOTAL EXPENDITURES INSTRUCTION,"$205,111.67"
2100-176.00,,SCHOOL SOCIAL WORKER,"$1,041.70"
2100-220.00,,FICA,$15.10
2100-300.00,,PURCHASED PROFESSIONAL AND TECHNICAL SERVICES,"$2,670.00"
2100-595.00,,OTHER PURCHASED SERVICES,"$23,970.15"
2100-610.00,,SUPPLIES,"$151,312.85"
2100-615.00,,EXPENDABLE EQUIPMENT,"$75,900.00"
2100-000.00,,TOTAL EXPENDITURES PUPIL SERVICES,"$254,909.80"
2210-199.00,,OTHER SALARIES AND COMPENSATION,"$14,840.00"
2210-220.00,,FICA,$342.00
2210-300.00,,PURCHASED PROFESSIONAL AND TECHNICAL SERVICES,"$23,483.50"
2210-595.00,,OTHER PURCHASED SERVICES,"$1,399.00"
2210-000.00,,TOTAL EXPENDITURES IMPROVEMENT OF INSTRUCTIONAL SERVICES,"$40,064.50"
2300-880.00,,FEDERAL INDIRECT COST CHARGES,$699.19
2300-000.00,,TOTAL EXPENDITURES GENERAL ADMINISTRATION,$699.19
2700-519.00,,STUDENT TRANSPORTATION PURCHASED FROM OTHER SOURCES,"$10,251.00"
2700-615.00,,EXPENDABLE EQUIPMENT,"$270,419.73"
2700-000.00,,TOTAL EXPENDITURES STUDENT TRANSPORTATION SERVICE,"$280,670.73"
2800-143.00,,RESEARCH PERSONNEL,"$39,087.98"
2800-210.00,,STATE HEALTH INSURANCE,"$4,819.50"
2800-220.00,,FICA,$566.78
2800-230.00,,TEACHERS RETIREMENT SYSTEM,"$8,263.20"
2800-290.00,,OTHER EMPLOYEE BENEFITS,$67.68
2800-000.00,,TOTAL EXPENDITURES SUPPORT SERVICES - CENTRAL,"$52,805.14"
7000,,TOTAL EXPENDITURES & OTHER USES,"$834,261.03"
1000-616.00,,EXPENDABLE COMPUTER EQUIPMENT,$991.00
1000-000.00,,TOTAL EXPENDITURES INSTRUCTION,$991.00
2210-110.00,,TEACHERS,"$9,857.00"
2210-220.00,,FICA,$142.93
2210-595.00,,OTHER PURCHASED SERVICES,"$1,225.00"
2210-610.00,,SUPPLIES,$171.00
2210-000.00,,TOTAL EXPENDITURES IMPROVEMENT OF INSTRUCTIONAL SERVICES,"$11,395.93"
2500-191.00,,OTHER ADMINISTRATIVE PERSONNEL,"$2,500.00"
2500-595.00,,OTHER PURCHASED SERVICES,"$115,179.85"
2500-000.00,,TOTAL EXPENDITURES SUPPORT SERVICES - BUSINESS,"$117,679.85"
2800-300.00,,PURCHASED PROFESSIONAL AND TECHNICAL SERVICES,$375.00
2800-595.00,,OTHER PURCHASED SERVICES,"$26,903.11"
2800-610.00,,SUPPLIES,"$1,732.31"
2800-000.00,,TOTAL EXPENDITURES SUPPORT SERVICES - CENTRAL,"$29,010.42"
7000,,TOTAL EXPENDITURES & OTHER USES,"$159,077.20"
2220-190.00,,OTHER MANAGEMENT PERSONNEL,"$48,755.35"
2220-191.00,,OTHER ADMINISTRATIVE PERSONNEL,"$36,932.46"
2220-199.00,,OTHER SALARIES AND COMPENSATION,$525.00
2220-210.00,,STATE HEALTH INSURANCE,"$9,639.00"
2220-220.00,,FICA,"$1,250.09"
2220-230.00,,TEACHERS RETIREMENT SYSTEM,"$18,114.40"
2220-290.00,,OTHER EMPLOYEE BENEFITS,$135.36
2220-300.00,,PURCHASED PROFESSIONAL AND TECHNICAL SERVICES,"$37,500.00"
2220-611.00,,SUPPLIES - TECHNOLOGY RELATED,"$9,628.00"
2220-615.00,,EXPENDABLE EQUIPMENT,"$10,175.94"
2220-000.00,,TOTAL EXPENDITURES EDUCATIONAL MEDIA SERVICES,"$172,655.60"
2800-300.00,,PURCHASED PROFESSIONAL AND TECHNICAL SERVICES,"$128,064.40"
2800-610.00,,SUPPLIES,"$191,100.00"
2800-000.00,,TOTAL EXPENDITURES SUPPORT SERVICES - CENTRAL,"$319,164.40"
7000,,TOTAL EXPENDITURES & OTHER USES,"$491,820.00"
1000-110.00,,TEACHERS,"$14,311.00"
1000-220.00,,FICA,$100.00
1000-595.00,,OTHER PURCHASED SERVICES,"$7,412.44"
1000-610.00,,SUPPLIES,"$9,279.62"
1000-000.00,,TOTAL EXPENDITURES INSTRUCTION,"$31,103.06"
2100-610.00,,SUPPLIES,"$250,003.00"
2100-000.00,,TOTAL EXPENDITURES PUPIL SERVICES,"$250,003.00"
2300-191.00,,OTHER ADMINISTRATIVE PERSONNEL,"$718,108.59"
2300-210.00,,STATE HEALTH INSURANCE,"$86,751.00"
2300-220.00,,FICA,"$10,412.58"
2300-230.00,,TEACHERS RETIREMENT SYSTEM,"$151,808.15"
2300-290.00,,OTHER EMPLOYEE BENEFITS,"$1,218.24"
2300-300.00,,PURCHASED PROFESSIONAL AND TECHNICAL SERVICES,"$3,208,210.38"
2300-532.00,,COMMUNICATIONS – WEB-BASED SUBSCRIPTIONS AND LICENSES,$150.00
2300-580.00,,TRAVEL - EMPLOYEES,"$45,000.00"
2300-595.00,,OTHER PURCHASED SERVICES,"$288,506.88"
2300-610.00,,SUPPLIES,"$208,795.89"
2300-616.00,,EXPENDABLE COMPUTER EQUIPMENT,"$25,000.00"
2300-810.00,,DUES AND FEES,"$15,500.00"
2300-000.00,,TOTAL EXPENDITURES GENERAL ADMINISTRATION,"$4,759,461.71"
2400-300.00,,PURCHASED PROFESSIONAL AND TECHNICAL SERVICES,"$94,306.00"
2400-000.00,,TOTAL EXPENDITURES SCHOOL ADMINISTRATION,"$94,306.00"
2600-181.00,,"MAINTENANCE PERSONNEL, TRANSPORTATION MECHANIC, OT","$50,003.13"
2600-210.00,,STATE HEALTH INSURANCE,"$7,209.44"
2600-220.00,,FICA,$725.05
2600-230.00,,TEACHERS RETIREMENT SYSTEM,"$10,570.66"
2600-290.00,,OTHER EMPLOYEE BENEFITS,$101.24
2600-000.00,,TOTAL EXPENDITURES MAINTENANCE AND OPERATION OF PLANT SERVICES,"$68,609.52"
5000-930.00,,OPERATING TRANSFERS TO OTHER FUNDS,$484.00
5000-000.00,,TOTAL EXPENDITURES OTHER OUTLAYS,$484.00
7000,,TOTAL EXPENDITURES & OTHER USES,"$5,203,967.29"
1000-110.00,,TEACHERS,"$43,473,758.58"
1000-112.00,,PREKINDERGARTEN TEACHER,"$1,030,702.00"
1000-113.00,,SUBSTITUTE/TEMPORARY EMPLOYEE,"$1,443,774.00"
1000-118.00,,"ART,MUSIC,PE","$5,346,447.23"
1000-140.00,,AIDES AND PARAPROFESSIONALS,"$2,135,528.98"
1000-161.00,,TECHNOLOGY SPECIALIST,"$151,387.00"
1000-172.00,,ELEMENTARY COUNSELOR,"$634,311.39"
1000-173.00,,SECONDARY COUNSELOR,"$269,442.57"
1000-210.00,,STATE HEALTH INSURANCE,"$6,594,179.18"
1000-220.00,,FICA,"$1,514,581.76"
1000-230.00,,TEACHERS RETIREMENT SYSTEM,"$10,579,972.06"
1000-260.00,,WORKMEN COMPENSATION,"$20,723.48"
1000-290.00,,OTHER EMPLOYEE BENEFITS,"$50,806.75"
1000-300.00,,PURCHASED PROFESSIONAL AND TECHNICAL SERVICES,"$3,000.00"
1000-321.00,,CONTRACTED SERVICE - TEACHERS,"$95,000.00"
1000-322.00,,"CONTRACTED SERVICE - ART,MUSIC,P.E.","$34,088.00"
1000-595.00,,OTHER PURCHASED SERVICES,"$673,443.00"
1000-610.00,,SUPPLIES,"$1,056,239.00"
1000-611.00,,SUPPLIES - TECHNOLOGY RELATED,"$53,000.00"
1000-612.00,,COMPUTER SOFTWARE,"$219,907.00"
1000-615.00,,EXPENDABLE EQUIPMENT,"$355,049.00"
1000-616.00,,EXPENDABLE COMPUTER EQUIPMENT,"$90,500.00"
1000-641.00,,TEXTBOOKS - PRINTED,"$1,355,412.00"
1000-642.00,,BOOKS (OTHER THAN TEXTBOOKS) AND PERIODICALS,"$184,600.00"
1000-734.00,,PURCHASE OR LEASE-PURCHASE OF EQUIPMENT - TECHNOLOGY RELATED,"$79,437.00"
1000-890.00,,OTHER EXPENDITURES,"$329,269.00"
1000-000.00,,TOTAL EXPENDITURES INSTRUCTION,"$77,774,558.98"
2100-113.00,,SUBSTITUTE/TEMPORARY EMPLOYEE,"$100,000.00"
2100-146.00,,ATHLETICS PERSONNEL,"$175,233.00"
2100-163.00,,SCHOOL NURSE/SPECIAL EDUCATION NURSE LPN,"$535,246.48"
2100-174.00,,SCHOOL PSYCHOLOGIST,"$243,629.24"
2100-176.00,,SCHOOL SOCIAL WORKER,"$259,256.00"
2100-178.00,,GRADUATION COACH,"$25,000.00"
2100-179.00,,REHABILITATION COUNSELOR,"$163,408.00"
2100-190.00,,OTHER MANAGEMENT PERSONNEL,"$88,643.00"
2100-191.00,,OTHER ADMINISTRATIVE PERSONNEL,"$1,635,701.43"
2100-199.00,,OTHER SALARIES AND COMPENSATION,"$111,094.00"
2100-210.00,,STATE HEALTH INSURANCE,"$617,102.43"
2100-220.00,,FICA,"$62,047.26"
2100-230.00,,TEACHERS RETIREMENT SYSTEM,"$364,317.01"
2100-260.00,,WORKMEN COMPENSATION,"$2,044.44"
2100-290.00,,OTHER EMPLOYEE BENEFITS,"$7,094.16"
2100-300.00,,PURCHASED PROFESSIONAL AND TECHNICAL SERVICES,"$69,000.00"
2100-330.00,,CONTRACTED SERVICE -NURSING SERVICES,"$111,280.00"
2100-580.00,,TRAVEL - EMPLOYEES,"$8,000.00"
2100-595.00,,OTHER PURCHASED SERVICES,"$242,410.00"
2100-610.00,,SUPPLIES,"$136,000.00"
2100-611.00,,SUPPLIES - TECHNOLOGY RELATED,"$40,000.00"
2100-612.00,,COMPUTER SOFTWARE,"$157,200.00"
2100-734.00,,PURCHASE OR LEASE-PURCHASE OF EQUIPMENT - TECHNOLOGY RELATED,"$130,600.00"
2100-810.00,,DUES AND FEES,"$2,000.00"
2100-890.00,,OTHER EXPENDITURES,"$504,489.00"
2100-000.00,,TOTAL EXPENDITURES PUPIL SERVICES,"$5,790,795.45"
2210-110.00,,TEACHERS,"$89,500.00"
2210-116.00,,PROFESSIONAL DEVELOPMENT STIPENDS,"$150,000.00"
2210-191.00,,OTHER ADMINISTRATIVE PERSONNEL,"$1,614,862.49"
2210-210.00,,STATE HEALTH INSURANCE,"$190,352.40"
2210-220.00,,FICA,"$36,760.54"
2210-230.00,,TEACHERS RETIREMENT SYSTEM,"$200,607.24"
2210-260.00,,WORKMEN COMPENSATION,"$1,084.88"
2210-290.00,,OTHER EMPLOYEE BENEFITS,"$1,991.52"
2210-580.00,,TRAVEL - EMPLOYEES,"$96,078.00"
2210-595.00,,OTHER PURCHASED SERVICES,"$59,238.00"
2210-810.00,,DUES AND FEES,"$10,000.00"
2210-890.00,,OTHER EXPENDITURES,"$30,000.00"
2210-000.00,,TOTAL EXPENDITURES IMPROVEMENT OF INSTRUCTIONAL SERVICES,"$2,480,475.07"
2213-116.00,,PROFESSIONAL DEVELOPMENT STIPENDS,"$12,750.00"
2213-300.00,,PURCHASED PROFESSIONAL AND TECHNICAL SERVICES,"$155,000.00"
2213-321.00,,CONTRACTED SERVICE - TEACHERS,"$8,500.00"
2213-361.00,,PER DIEM AND FEES,"$17,700.00"
2213-362.00,,PER DIEM AND FEES - EXPENSES,$700.00
2213-580.00,,TRAVEL - EMPLOYEES,"$165,340.70"
2213-595.00,,OTHER PURCHASED SERVICES,"$61,464.81"
2213-610.00,,SUPPLIES,"$16,000.00"
2213-810.00,,DUES AND FEES,"$84,500.00"
2213-890.00,,OTHER EXPENDITURES,"$29,100.00"
2213-000.00,,TOTAL EXPENDITURES INSTRUCTIONAL STAFF TRAINING,"$551,055.51"
2220-140.00,,AIDES AND PARAPROFESSIONALS,"$41,112.69"
2220-165.00,,LIBRARIAN/MEDIA SPECIALIST,"$686,145.66"
2220-210.00,,STATE HEALTH INSURANCE,"$100,947.87"
2220-220.00,,FICA,"$14,675.17"
2220-230.00,,TEACHERS RETIREMENT SYSTEM,"$112,226.81"
2220-260.00,,WORKMEN COMPENSATION,$768.64
2220-290.00,,OTHER EMPLOYEE BENEFITS,"$1,003.72"
2220-610.00,,SUPPLIES,"$3,400.00"
2220-612.00,,COMPUTER SOFTWARE,"$7,500.00"
2220-642.00,,BOOKS (OTHER THAN TEXTBOOKS) AND PERIODICALS,"$11,900.00"
2220-000.00,,TOTAL EXPENDITURES EDUCATIONAL MEDIA SERVICES,"$979,680.56"
2300-190.00,,OTHER MANAGEMENT PERSONNEL,"$75,000.00"
2300-191.00,,OTHER ADMINISTRATIVE PERSONNEL,"$4,034,115.51"
2300-210.00,,STATE HEALTH INSURANCE,"$641,006.86"
2300-220.00,,FICA,"$160,150.21"
2300-230.00,,TEACHERS RETIREMENT SYSTEM,"$856,744.19"
2300-260.00,,WORKMEN COMPENSATION,$588.00
2300-300.00,,PURCHASED PROFESSIONAL AND TECHNICAL SERVICES,"$97,896.00"
2300-311.00,,SCHOOL BOARD MEMBERS PER DIEM,"$5,000.00"
2300-530.00,,COMMUNICATION,"$69,384.00"
2300-595.00,,OTHER PURCHASED SERVICES,"$5,414,298.22"
2300-610.00,,SUPPLIES,"$383,807.00"
2300-612.00,,COMPUTER SOFTWARE,"$44,132.00"
2300-615.00,,EXPENDABLE EQUIPMENT,"$35,500.00"
2300-616.00,,EXPENDABLE COMPUTER EQUIPMENT,"$36,845.00"
2300-734.00,,PURCHASE OR LEASE-PURCHASE OF EQUIPMENT - TECHNOLOGY RELATED,"$257,830.00"
2300-810.00,,DUES AND FEES,"$945,078.00"
2300-890.00,,OTHER EXPENDITURES,"$766,403.00"
2300-000.00,,TOTAL EXPENDITURES GENERAL ADMINISTRATION,"$13,823,777.99"
2400-130.00,,PRINCIPAL,"$6,972,041.92"
2400-131.00,,ASSISTANT PRINCIPAL,"$2,101,239.68"
2400-141.00,,SALARY OF SERETARIAL STAFF,"$411,720.04"
2400-142.00,,SALARY OF CLERICAL STAFF,"$482,465.47"
2400-190.00,,OTHER MANAGEMENT PERSONNEL,"$618,674.50"
2400-191.00,,OTHER ADMINISTRATIVE PERSONNEL,"$2,074,654.94"
2400-199.00,,OTHER SALARIES AND COMPENSATION,"$53,000.00"
2400-210.00,,STATE HEALTH INSURANCE,"$1,182,177.30"
2400-220.00,,FICA,"$359,606.94"
2400-230.00,,TEACHERS RETIREMENT SYSTEM,"$2,083,920.39"
2400-260.00,,WORKMEN COMPENSATION,"$2,370.88"
2400-290.00,,OTHER EMPLOYEE BENEFITS,"$8,245.44"
2400-300.00,,PURCHASED PROFESSIONAL AND TECHNICAL SERVICES,"$539,692.00"
2400-340.00,,PROFESSIONAL LEGAL SERVICES,"$110,000.00"
2400-361.00,,PER DIEM AND FEES,"$4,000.00"
2400-530.00,,COMMUNICATION,"$608,184.00"
2400-580.00,,TRAVEL - EMPLOYEES,"$28,640.00"
2400-595.00,,OTHER PURCHASED SERVICES,"$383,593.00"
2400-610.00,,SUPPLIES,"$134,928.00"
2400-611.00,,SUPPLIES - TECHNOLOGY RELATED,"$13,490.00"
2400-612.00,,COMPUTER SOFTWARE,"$330,800.00"
2400-615.00,,EXPENDABLE EQUIPMENT,"$283,900.25"
2400-616.00,,EXPENDABLE COMPUTER EQUIPMENT,"$15,000.00"
2400-642.00,,BOOKS (OTHER THAN TEXTBOOKS) AND PERIODICALS,"$13,500.00"
2400-730.00,,PURCHASE OF EQUIPMENT - OTHER THAN BUSES AND COMPU,"$5,000.00"
2400-734.00,,PURCHASE OR LEASE-PURCHASE OF EQUIPMENT - TECHNOLOGY RELATED,"$400,000.00"
2400-810.00,,DUES AND FEES,"$57,934.00"
2400-890.00,,OTHER EXPENDITURES,"$253,013.00"
2400-000.00,,TOTAL EXPENDITURES SCHOOL ADMINISTRATION,"$19,531,791.75"
2500-142.00,,SALARY OF CLERICAL STAFF,"$49,099.00"
2500-190.00,,OTHER MANAGEMENT PERSONNEL,"$205,325.00"
2500-191.00,,OTHER ADMINISTRATIVE PERSONNEL,"$469,150.00"
2500-210.00,,STATE HEALTH INSURANCE,"$55,348.90"
2500-220.00,,FICA,"$18,467.76"
2500-230.00,,TEACHERS RETIREMENT SYSTEM,"$133,243.50"
2500-260.00,,WORKMEN COMPENSATION,$771.32
2500-290.00,,OTHER EMPLOYEE BENEFITS,$401.40
2500-300.00,,PURCHASED PROFESSIONAL AND TECHNICAL SERVICES,"$805,431.00"
2500-340.00,,PROFESSIONAL LEGAL SERVICES,"$20,400.00"
2500-530.00,,COMMUNICATION,"$52,750.00"
2500-580.00,,TRAVEL - EMPLOYEES,"$6,000.00"
2500-595.00,,OTHER PURCHASED SERVICES,"$112,814.00"
2500-610.00,,SUPPLIES,"$255,311.00"
2500-611.00,,SUPPLIES - TECHNOLOGY RELATED,"$6,550.00"
2500-612.00,,COMPUTER SOFTWARE,"$31,000.00"
2500-616.00,,EXPENDABLE COMPUTER EQUIPMENT,"$4,000.00"
2500-730.00,,PURCHASE OF EQUIPMENT - OTHER THAN BUSES AND COMPU,"$1,200.00"
2500-810.00,,DUES AND FEES,"$23,175.00"
2500-890.00,,OTHER EXPENDITURES,"$314,947.00"
2500-000.00,,TOTAL EXPENDITURES SUPPORT SERVICES - BUSINESS,"$2,565,384.88"
2600-181.00,,"MAINTENANCE PERSONNEL, TRANSPORTATION MECHANIC, OT","$877,923.00"
2600-186.00,,CUSTODIAL PERSONNEL,"$326,588.00"
2600-190.00,,OTHER MANAGEMENT PERSONNEL,"$225,000.00"
2600-191.00,,OTHER ADMINISTRATIVE PERSONNEL,"$270,788.81"
2600-210.00,,STATE HEALTH INSURANCE,"$217,429.59"
2600-220.00,,FICA,"$53,494.92"
2600-230.00,,TEACHERS RETIREMENT SYSTEM,"$327,967.17"
2600-260.00,,WORKMEN COMPENSATION,"$1,127.96"
2600-290.00,,OTHER EMPLOYEE BENEFITS,$798.84
2600-300.00,,PURCHASED PROFESSIONAL AND TECHNICAL SERVICES,"$445,413.00"
2600-410.00,,"WATER, SEWER AND CLEANING SERVICES","$3,179,179.00"
2600-430.00,,REPAIR AND MAINTENANCE SERVICES,"$3,391,762.00"
2600-441.00,,RENTAL OF LAND OR BUILDINGS,"$781,650.00"
2600-442.00,,RENTAL OF EQUIPMENT AND VEHICLES,"$3,625.00"
2600-444.00,,OTHER RENTALS,"$10,000.00"
2600-490.00,,OTHER PURCHASED PROPERTY SERVICES,"$16,000.00"
2600-520.00,,INSURANCE (OTHER THAN EMPLOYEE BENEFITS),"$641,600.00"
2600-530.00,,COMMUNICATION,"$25,000.00"
2600-580.00,,TRAVEL - EMPLOYEES,"$24,000.00"
2600-595.00,,OTHER PURCHASED SERVICES,"$767,715.00"
2600-610.00,,SUPPLIES,"$134,108.00"
2600-612.00,,COMPUTER SOFTWARE,"$30,000.00"
2600-615.00,,EXPENDABLE EQUIPMENT,"$10,000.00"
2600-620.00,,ENERGY,"$602,071.00"
2600-715.00,,LAND IMPROVEMENTS,"$409,965.00"
2600-720.00,,"BUILDING ACQUISITION, CONSTRUCTION, AND IMPROVEMEN","$729,138.00"
2600-730.00,,PURCHASE OF EQUIPMENT - OTHER THAN BUSES AND COMPU,"$231,575.00"
2600-810.00,,DUES AND FEES,"$4,000.00"
2600-890.00,,OTHER EXPENDITURES,"$475,187.00"
2600-000.00,,TOTAL EXPENDITURES MAINTENANCE AND OPERATION OF PLANT SERVICES,"$14,213,106.29"
2700-410.00,,"WATER, SEWER AND CLEANING SERVICES","$160,000.00"
2700-442.00,,RENTAL OF EQUIPMENT AND VEHICLES,"$22,104.00"
2700-519.00,,STUDENT TRANSPORTATION PURCHASED FROM OTHER SOURCES,"$2,102,707.63"
2700-595.00,,OTHER PURCHASED SERVICES,"$90,000.00"
2700-620.00,,ENERGY,"$667,656.00"
2700-000.00,,TOTAL EXPENDITURES STUDENT TRANSPORTATION SERVICE,"$3,042,467.63"
2800-113.00,,SUBSTITUTE/TEMPORARY EMPLOYEE,"$251,963.00"
2800-142.00,,SALARY OF CLERICAL STAFF,"$30,465.00"
2800-143.00,,RESEARCH PERSONNEL,"$152,780.00"
2800-190.00,,OTHER MANAGEMENT PERSONNEL,"$81,831.00"
2800-191.00,,OTHER ADMINISTRATIVE PERSONNEL,"$504,073.56"
2800-210.00,,STATE HEALTH INSURANCE,"$74,963.88"
2800-220.00,,FICA,"$15,031.50"
2800-230.00,,TEACHERS RETIREMENT SYSTEM,"$126,822.52"
2800-260.00,,WORKMEN COMPENSATION,$388.96
2800-290.00,,OTHER EMPLOYEE BENEFITS,$393.12
2800-300.00,,PURCHASED PROFESSIONAL AND TECHNICAL SERVICES,"$63,000.00"
2800-340.00,,PROFESSIONAL LEGAL SERVICES,"$24,400.00"
2800-361.00,,PER DIEM AND FEES,$600.00
2800-595.00,,OTHER PURCHASED SERVICES,"$30,000.00"
2800-611.00,,SUPPLIES - TECHNOLOGY RELATED,"$3,000.00"
2800-616.00,,EXPENDABLE COMPUTER EQUIPMENT,"$255,720.00"
2800-890.00,,OTHER EXPENDITURES,"$186,460.00"
2800-000.00,,TOTAL EXPENDITURES SUPPORT SERVICES - CENTRAL,"$1,801,892.54"
3100-184.00,,SCHOOL NUTRITION PROGRAM CAFETERIA,"$148,024.00"
3100-191.00,,OTHER ADMINISTRATIVE PERSONNEL,"$282,928.50"
3100-210.00,,STATE HEALTH INSURANCE,"$59,770.80"
3100-220.00,,FICA,"$5,236.13"
3100-230.00,,TEACHERS RETIREMENT SYSTEM,"$55,863.74"
3100-260.00,,WORKMEN COMPENSATION,$4.32
3100-290.00,,OTHER EMPLOYEE BENEFITS,$807.84
3100-300.00,,PURCHASED PROFESSIONAL AND TECHNICAL SERVICES,"$69,353.00"
3100-610.00,,SUPPLIES,"$46,991.00"
3100-630.00,,PURCHASED FOOD,"$101,589.00"
3100-000.00,,TOTAL EXPENDITURES SCHOOL NUTRITION PROGRAM,"$770,568.33"
3200-140.00,,AIDES AND PARAPROFESSIONALS,"$1,815,088.32"
3200-190.00,,OTHER MANAGEMENT PERSONNEL,"$112,848.00"
3200-191.00,,OTHER ADMINISTRATIVE PERSONNEL,"$85,732.00"
3200-210.00,,STATE HEALTH INSURANCE,"$165,200.00"
3200-220.00,,FICA,"$29,198.20"
3200-260.00,,WORKMEN COMPENSATION,$69.12
3200-290.00,,OTHER EMPLOYEE BENEFITS,"$2,096.64"
3200-000.00,,TOTAL EXPENDITURES ENTERPRISE OPERATIONS,"$2,210,232.28"
7000,,TOTAL EXPENDITURES & OTHER USES,"$145,535,787.26"
3100-184.00,,SCHOOL NUTRITION PROGRAM CAFETERIA,"$1,226,064.51"
3100-190.00,,OTHER MANAGEMENT PERSONNEL,"$148,870.57"
3100-191.00,,OTHER ADMINISTRATIVE PERSONNEL,"$1,187,197.13"
3100-210.00,,STATE HEALTH INSURANCE,"$620,751.60"
3100-220.00,,FICA,"$36,994.34"
3100-230.00,,TEACHERS RETIREMENT SYSTEM,"$539,351.64"
3100-260.00,,WORKMEN COMPENSATION,"$250,000.00"
3100-290.00,,OTHER EMPLOYEE BENEFITS,"$8,717.19"
3100-300.00,,PURCHASED PROFESSIONAL AND TECHNICAL SERVICES,"$850,150.00"
3100-410.00,,"WATER, SEWER AND CLEANING SERVICES","$270,000.00"
3100-430.00,,REPAIR AND MAINTENANCE SERVICES,"$1,196,397.00"
3100-570.00,,FOOD SERVICE MANAGEMENT,"$20,150,000.00"
3100-580.00,,TRAVEL - EMPLOYEES,"$42,000.00"
3100-595.00,,OTHER PURCHASED SERVICES,"$323,000.00"
3100-610.00,,SUPPLIES,"$236,685.00"
3100-635.00,,FOOD ACQUISITIONS - USDA,"$750,000.00"
3100-730.00,,PURCHASE OF EQUIPMENT - OTHER THAN BUSES AND COMPU,"$4,207,548.28"
3100-880.00,,FEDERAL INDIRECT COST CHARGES,"$500,000.00"
3100-890.00,,OTHER EXPENDITURES,"$25,021.00"
3100-000.00,,TOTAL EXPENDITURES SCHOOL NUTRITION PROGRAM,"$32,568,748.26"
7000,,TOTAL EXPENDITURES & OTHER USES,"$32,568,748.26"
3100-184.00,,SCHOOL NUTRITION PROGRAM CAFETERIA,"$652,431.21"
3100-210.00,,STATE HEALTH INSURANCE,"$187,178.02"
3100-220.00,,FICA,"$26,087.67"
3100-230.00,,TEACHERS RETIREMENT SYSTEM,"$137,875.16"
3100-290.00,,OTHER EMPLOYEE BENEFITS,$887.57
3100-610.00,,SUPPLIES,"$144,341.20"
3100-630.00,,PURCHASED FOOD,"$1,302,212.25"
3100-000.00,,TOTAL EXPENDITURES SCHOOL NUTRITION PROGRAM,"$2,451,013.08"
7000,,TOTAL EXPENDITURES & OTHER USES,"$2,451,013.08"
2800-595.00,,OTHER PURCHASED SERVICES,"$1,438,229.00"
2800-000.00,,TOTAL EXPENDITURES SUPPORT SERVICES - CENTRAL,"$1,438,229.00"
7000,,TOTAL EXPENDITURES & OTHER USES,"$1,438,229.00"